Model,rmse,interval_length,coverage,mu_type,effect_type,sample_size
BCF,0.0333470973497891,0.549086148481672,1.0,linear,homogeneous,250
BCF,0.0961554722048801,0.706562037476342,1.0,linear,homogeneous,250
BCF,0.0083678802325062,0.515924153880024,1.0,linear,homogeneous,250
BCF,0.0330756971917934,0.713728511228487,1.0,linear,homogeneous,250
BCF,0.247221199942973,0.882356157467155,0.872,linear,homogeneous,250
BCF,0.0464711863705571,0.506017759716269,0.992,linear,homogeneous,250
BCF,0.0281949536885566,0.616178060044959,1.0,linear,homogeneous,250
BCF,0.112674140593481,0.730908525391257,0.972,linear,homogeneous,250
BCF,0.142685542459927,0.712311557470576,0.988,linear,homogeneous,250
BCF,0.0198867995596683,0.538950839561129,1.0,linear,homogeneous,250
BCF,0.11593495602422,0.69441412046354,0.98,linear,homogeneous,250
BCF,0.0415763800451372,0.590536612450533,0.976,linear,homogeneous,250
BCF,0.0214060848131652,0.774459404206941,1.0,linear,homogeneous,250
BCF,0.0147487139245004,0.504583756544199,1.0,linear,homogeneous,250
BCF,0.178782305133367,0.672570733725229,0.936,linear,homogeneous,250
BCF,0.08122846787326,0.745817283673707,0.992,linear,homogeneous,250
BCF,0.0239527795567533,0.77087316931012,1.0,linear,homogeneous,250
BCF,0.0404430860244727,0.53040425236344,0.98,linear,homogeneous,250
BCF,0.0296823500931027,0.601230834535486,1.0,linear,homogeneous,250
BCF,0.087038204875082,0.614250840860906,0.964,linear,homogeneous,250
BCF,0.162492938140166,1.62096334325005,0.948,linear,heterogeneous,250
BCF,0.0621202071251434,1.36614135283227,0.94,linear,heterogeneous,250
BCF,0.0617940756020623,1.29728211451732,0.872,linear,heterogeneous,250
BCF,0.0039497337987897,1.05493965584067,0.98,linear,heterogeneous,250
BCF,0.110240775429673,1.76445451069741,0.888,linear,heterogeneous,250
BCF,0.0475733842316786,1.4676696027156,0.98,linear,heterogeneous,250
BCF,0.0260041570339815,1.1715724009996,0.912,linear,heterogeneous,250
BCF,0.13228476454142,1.34022195581457,0.94,linear,heterogeneous,250
BCF,0.175511632378491,1.47965442036827,0.944,linear,heterogeneous,250
BCF,0.0740991999429877,1.3821914020376,0.976,linear,heterogeneous,250
BCF,0.179908204376156,1.38311620721578,0.928,linear,heterogeneous,250
BCF,0.259451321798281,1.51961054743542,0.916,linear,heterogeneous,250
BCF,0.0289909836889723,1.32493138784454,0.944,linear,heterogeneous,250
BCF,0.0338806814912156,1.40537336339437,0.98,linear,heterogeneous,250
BCF,0.0235839956258479,1.67715442463954,0.932,linear,heterogeneous,250
BCF,0.0410024501537194,1.50986535977167,0.944,linear,heterogeneous,250
BCF,0.0188581015367173,1.22609623896115,0.964,linear,heterogeneous,250
BCF,0.0156530140743342,1.23618091161837,0.932,linear,heterogeneous,250
BCF,0.1008411325627,1.47912821386387,0.92,linear,heterogeneous,250
BCF,0.11023852025472,1.34833203241399,0.988,linear,heterogeneous,250
BCF,0.0960794513400929,0.722361274626763,0.98,nonlinear,homogeneous,250
BCF,0.007048052192391,0.748252571793213,1.0,nonlinear,homogeneous,250
BCF,0.2476033216997,1.13306602196326,0.956,nonlinear,homogeneous,250
BCF,0.04853419183832,0.881193683697963,1.0,nonlinear,homogeneous,250
BCF,0.0725025409565778,0.816799892985185,0.976,nonlinear,homogeneous,250
BCF,0.079603874371581,0.88238500458271,1.0,nonlinear,homogeneous,250
BCF,0.0128134719924984,0.70585629582019,1.0,nonlinear,homogeneous,250
BCF,0.0628221602296475,0.904793258697156,1.0,nonlinear,homogeneous,250
BCF,0.0129662863520266,0.603743255454786,1.0,nonlinear,homogeneous,250
BCF,0.0834104822181052,0.669085663396535,0.968,nonlinear,homogeneous,250
BCF,0.17928864545963,1.04278470940449,1.0,nonlinear,homogeneous,250
BCF,0.175973413688245,0.923238278716922,0.98,nonlinear,homogeneous,250
BCF,0.126728470683585,0.800065802185226,0.98,nonlinear,homogeneous,250
BCF,0.0258620059660526,0.696085800181279,0.98,nonlinear,homogeneous,250
BCF,0.226023464093836,0.941292700664225,0.98,nonlinear,homogeneous,250
BCF,0.0819393387572922,0.634005627156722,0.98,nonlinear,homogeneous,250
BCF,0.257743575235557,0.813125517442847,0.928,nonlinear,homogeneous,250
BCF,0.125120765404029,0.887327484941312,1.0,nonlinear,homogeneous,250
BCF,0.0549561159593526,0.755799439313272,1.0,nonlinear,homogeneous,250
BCF,0.0302131336079459,0.578568750895142,1.0,nonlinear,homogeneous,250
BCF,0.0206474849382234,1.69838727119545,0.956,nonlinear,heterogeneous,250
BCF,0.0717331665661981,1.51442489859651,0.968,nonlinear,heterogeneous,250
BCF,0.0839358413263702,1.85696950376853,0.956,nonlinear,heterogeneous,250
BCF,0.217548179744024,1.73084597947994,0.92,nonlinear,heterogeneous,250
BCF,0.10483549677802,1.56457728249875,0.952,nonlinear,heterogeneous,250
BCF,0.0012872539505595,1.80711760782305,0.972,nonlinear,heterogeneous,250
BCF,0.144008207868188,1.83524403509839,0.948,nonlinear,heterogeneous,250
BCF,0.128321385785925,1.71461358676268,0.936,nonlinear,heterogeneous,250
BCF,0.169209119484364,1.55850714110087,0.944,nonlinear,heterogeneous,250
BCF,0.204460143423665,1.60065969607926,0.932,nonlinear,heterogeneous,250
BCF,0.0077324865781172,1.3344484164532,0.952,nonlinear,heterogeneous,250
BCF,0.251122485591035,1.86419465988624,0.916,nonlinear,heterogeneous,250
BCF,0.0474886678658378,1.41438704432776,0.984,nonlinear,heterogeneous,250
BCF,0.0837865451151696,1.55187663008847,0.936,nonlinear,heterogeneous,250
BCF,0.0001133704525961,1.30553031020995,0.96,nonlinear,heterogeneous,250
BCF,0.120824382963107,1.70000785305725,0.96,nonlinear,heterogeneous,250
BCF,0.0295612574326485,1.50649772100168,0.968,nonlinear,heterogeneous,250
BCF,0.114193205997807,1.60832383324595,0.944,nonlinear,heterogeneous,250
BCF,0.317394512202868,1.89950919021943,0.936,nonlinear,heterogeneous,250
BCF,0.101627473791478,1.62023906645772,0.912,nonlinear,heterogeneous,250
BCF,0.0308415395117727,0.281452801018164,0.998,linear,homogeneous,500
BCF,0.0773488949250987,0.300111865557361,0.964,linear,homogeneous,500
BCF,0.05614500048986,0.314821723701284,1.0,linear,homogeneous,500
BCF,0.0003325890679968,0.305169392403119,1.0,linear,homogeneous,500
BCF,0.0014548529588736,0.3293812791755,1.0,linear,homogeneous,500
BCF,0.0696512743408935,0.307073483685456,0.986,linear,homogeneous,500
BCF,0.0250779742720297,0.342137570285103,1.0,linear,homogeneous,500
BCF,0.0326362370736839,0.308500033132403,1.0,linear,homogeneous,500
BCF,0.0495950013337287,0.403815869515079,0.984,linear,homogeneous,500
BCF,0.0283591212887844,0.310017152829483,1.0,linear,homogeneous,500
BCF,0.0396501910437235,0.305239407314149,0.998,linear,homogeneous,500
BCF,0.0202311521651093,0.396825118567113,0.984,linear,homogeneous,500
BCF,0.0264998328299426,0.347905265972213,0.986,linear,homogeneous,500
BCF,0.0240293567961354,0.324474794263005,0.998,linear,homogeneous,500
BCF,0.0601835458939943,0.363315549949575,0.974,linear,homogeneous,500
BCF,0.0354134262516039,0.367752888527748,0.958,linear,homogeneous,500
BCF,0.0415544684534952,0.378217589311712,1.0,linear,homogeneous,500
BCF,0.0322226781893158,0.300755591926584,0.984,linear,homogeneous,500
BCF,0.0193495961785164,0.321716428654813,1.0,linear,homogeneous,500
BCF,0.0505526093341846,0.343983352757505,0.984,linear,homogeneous,500
BCF,0.105674271732475,0.860167128813276,0.952,linear,heterogeneous,500
BCF,0.0680435422325989,0.74940022091543,0.966,linear,heterogeneous,500
BCF,0.047083893299837,0.823963939002004,0.974,linear,heterogeneous,500
BCF,0.0617202580257605,0.882239553730085,0.972,linear,heterogeneous,500
BCF,0.0235438359322054,0.853016735066038,0.932,linear,heterogeneous,500
BCF,0.102049409428359,0.972938692461393,0.946,linear,heterogeneous,500
BCF,0.0350590674815519,0.81434605817302,0.968,linear,heterogeneous,500
BCF,0.0223974293384628,0.834690886970229,0.96,linear,heterogeneous,500
BCF,0.109746916078119,0.899723037996842,0.936,linear,heterogeneous,500
BCF,0.0649872360824661,0.739779069523059,0.958,linear,heterogeneous,500
BCF,0.0199165068833211,0.853382057437732,0.97,linear,heterogeneous,500
BCF,0.0506906294465721,0.88595521862589,0.976,linear,heterogeneous,500
BCF,0.0700027201069493,0.780456229335486,0.946,linear,heterogeneous,500
BCF,0.0076842138802226,0.874737569869797,0.984,linear,heterogeneous,500
BCF,0.0311955675769753,0.725859797981473,0.974,linear,heterogeneous,500
BCF,0.0438621785335176,0.774001759321384,0.974,linear,heterogeneous,500
BCF,0.0408019925056111,0.847486651617139,0.962,linear,heterogeneous,500
BCF,0.050779714803362,0.717645969292788,0.972,linear,heterogeneous,500
BCF,0.112215201103979,0.88204836835266,0.938,linear,heterogeneous,500
BCF,0.0092672454898301,0.840360581075066,0.966,linear,heterogeneous,500
BCF,0.0210015037399485,0.367339900682036,1.0,nonlinear,homogeneous,500
BCF,0.0124683005355641,0.313312940800724,1.0,nonlinear,homogeneous,500
BCF,0.0834625525986237,0.432004359376418,1.0,nonlinear,homogeneous,500
BCF,0.0001228494090166,0.346811745279348,1.0,nonlinear,homogeneous,500
BCF,0.0455932488293871,0.361119626206442,1.0,nonlinear,homogeneous,500
BCF,0.0408878375853936,0.414137761115429,1.0,nonlinear,homogeneous,500
BCF,0.0374987761718528,0.365982731485637,1.0,nonlinear,homogeneous,500
BCF,0.0411131672911407,0.315942346496226,1.0,nonlinear,homogeneous,500
BCF,0.0303134268061758,0.367174463752057,0.996,nonlinear,homogeneous,500
BCF,0.0850339736057526,0.341937844025288,0.988,nonlinear,homogeneous,500
BCF,0.0678457942216806,0.331982655908973,0.99,nonlinear,homogeneous,500
BCF,0.0434271428546298,0.441409962082517,1.0,nonlinear,homogeneous,500
BCF,0.0185900230765039,0.346428276801657,1.0,nonlinear,homogeneous,500
BCF,0.0154649791620982,0.301168938462052,1.0,nonlinear,homogeneous,500
BCF,0.0192750227322751,0.424991885304757,1.0,nonlinear,homogeneous,500
BCF,0.0806536378731852,0.453102282677726,0.998,nonlinear,homogeneous,500
BCF,0.014499887360969,0.334355190163659,1.0,nonlinear,homogeneous,500
BCF,0.0460046385863278,0.353884998349016,1.0,nonlinear,homogeneous,500
BCF,0.0736377698641424,0.395399720791838,0.99,nonlinear,homogeneous,500
BCF,0.0002544741751822,0.310655216444664,1.0,nonlinear,homogeneous,500
BCF,0.0299320992172215,0.870805956255648,0.97,nonlinear,heterogeneous,500
BCF,0.0280053561788389,0.888843613892453,0.972,nonlinear,heterogeneous,500
BCF,0.0578333022227497,1.02620106792582,0.982,nonlinear,heterogeneous,500
BCF,0.0399960679728852,0.861459406852591,0.964,nonlinear,heterogeneous,500
BCF,0.0489895792667703,0.82353256559462,0.976,nonlinear,heterogeneous,500
BCF,0.0047946323484253,0.981194991540828,0.996,nonlinear,heterogeneous,500
BCF,0.0410779004414166,0.975654766995783,0.986,nonlinear,heterogeneous,500
BCF,0.157041199575831,1.03230070129243,0.948,nonlinear,heterogeneous,500
BCF,0.0274356413854786,0.926418697911855,0.996,nonlinear,heterogeneous,500
BCF,0.0321647371509874,0.9332353460608,0.964,nonlinear,heterogeneous,500
BCF,0.129616113665265,1.03302298728841,0.972,nonlinear,heterogeneous,500
BCF,0.0196724609073282,0.911987872826841,0.984,nonlinear,heterogeneous,500
BCF,0.0411141562977491,0.845274642110112,0.91,nonlinear,heterogeneous,500
BCF,0.0448838735066717,0.946877052789936,0.952,nonlinear,heterogeneous,500
BCF,0.0437395801531311,0.882189402853683,0.964,nonlinear,heterogeneous,500
BCF,0.0220749478475857,0.956649167679055,0.976,nonlinear,heterogeneous,500
BCF,0.0327527419612994,1.02848072745031,0.96,nonlinear,heterogeneous,500
BCF,0.0119426340759126,1.01375133316705,0.98,nonlinear,heterogeneous,500
BCF,0.0897606704559936,1.00410483336112,0.97,nonlinear,heterogeneous,500
BCF,0.0004076725147073,0.805854863640015,0.97,nonlinear,heterogeneous,500
Horseshoe,1.63056280443646,1.57451522611541,0.0,linear,heterogeneous,250
Horseshoe,2.10630946774722,1.34859674417903,0.0,linear,heterogeneous,250
Horseshoe,2.98836679648379,1.424514760704,0.0,linear,heterogeneous,250
Horseshoe,3.01973427471345,1.3339789612525,0.0,linear,heterogeneous,250
Horseshoe,2.19967168116308,1.18969835974231,0.0,linear,heterogeneous,250
Horseshoe,2.50135097627271,1.2967959965428,0.0,linear,heterogeneous,250
Horseshoe,2.77187742007072,1.22081851845101,0.0,linear,heterogeneous,250
Horseshoe,2.85088758928471,1.33129927888519,0.0,linear,heterogeneous,250
Horseshoe,2.56426070963671,1.3547533818098,0.0,linear,heterogeneous,250
Horseshoe,2.59908210362562,1.37226802956262,0.0,linear,heterogeneous,250
Horseshoe,2.68428755253881,1.24759200504868,0.0,linear,heterogeneous,250
Horseshoe,2.56876751102332,1.26362517122245,0.0,linear,heterogeneous,250
Horseshoe,2.47456391719368,1.37116807502693,0.0,linear,heterogeneous,250
Horseshoe,2.92034771635542,1.26651959595643,0.0,linear,heterogeneous,250
Horseshoe,2.45728768602788,1.36847891858812,0.0,linear,heterogeneous,250
Horseshoe,2.8363882237693,1.3708260345401,0.0,linear,heterogeneous,250
Horseshoe,2.99859795320463,1.40315608823673,0.0,linear,heterogeneous,250
Horseshoe,2.20793227575187,1.31738057164498,0.0,linear,heterogeneous,250
Horseshoe,2.61251054645572,1.33658835276368,0.0,linear,heterogeneous,250
Horseshoe,2.64027661649533,1.36788811525157,0.0,linear,heterogeneous,250
Horseshoe,3.04885599562404,1.32363558399383,0.0,linear,heterogeneous,250
Horseshoe,2.75510875658322,1.36301578602383,0.0,linear,heterogeneous,250
Horseshoe,2.70735878380361,1.33922099538555,0.0,linear,heterogeneous,250
Horseshoe,2.76332572051111,1.27203303165263,0.0,linear,heterogeneous,250
Horseshoe,2.99847980062593,1.29577202203722,0.0,linear,heterogeneous,250
Horseshoe,2.20839423400351,1.38620285099861,0.0,linear,heterogeneous,250
Horseshoe,2.82241604037282,1.32138563476451,0.0,linear,heterogeneous,250
Horseshoe,2.14782043955253,1.66660642345804,0.0,linear,heterogeneous,250
Horseshoe,2.70054435544147,1.36477379839556,0.0,linear,heterogeneous,250
Horseshoe,3.26288782434946,1.37994040627587,0.0,linear,heterogeneous,250
Horseshoe,2.46889008745159,1.35014394925761,0.0,linear,heterogeneous,250
Horseshoe,2.10859212621762,1.36642896384057,0.0,linear,heterogeneous,250
Horseshoe,2.30750878521345,1.34431688687194,0.0,linear,heterogeneous,250
Horseshoe,2.32352377677349,1.28523201928493,0.0,linear,heterogeneous,250
Horseshoe,2.78176805810737,1.39228214749823,0.0,linear,heterogeneous,250
Horseshoe,2.22821559372943,1.33818372913378,0.0,linear,heterogeneous,250
Horseshoe,2.66975211123724,1.35474492008346,0.0,linear,heterogeneous,250
Horseshoe,2.85706112174099,1.22980617942257,0.0,linear,heterogeneous,250
Horseshoe,2.88687366046899,1.42331114002169,0.0,linear,heterogeneous,250
Horseshoe,3.76885628167365,1.55609802828,0.0,linear,heterogeneous,250
Horseshoe,3.03523339434111,1.38539126084625,0.0,linear,heterogeneous,250
Horseshoe,2.75022815225451,1.36357539016139,0.0,linear,heterogeneous,250
Horseshoe,2.45419201403571,1.2543915758804,0.0,linear,heterogeneous,250
Horseshoe,3.04281010103094,1.48791438333014,0.0,linear,heterogeneous,250
Horseshoe,1.62774162785794,1.4512435258122,0.0,linear,heterogeneous,250
Horseshoe,2.70621248385415,1.25491957653158,0.0,linear,heterogeneous,250
Horseshoe,2.53012342036859,1.28870776041351,0.0,linear,heterogeneous,250
Horseshoe,2.4357522165409,1.31630144734651,0.0,linear,heterogeneous,250
Horseshoe,2.1697234022044,1.47972857308404,0.0,linear,heterogeneous,250
Horseshoe,3.31165591889477,1.43142882607462,0.0,linear,heterogeneous,250
Horseshoe,2.90690440350533,0.925090061041095,0.0,linear,heterogeneous,500
Horseshoe,2.31183879355616,0.888492526297679,0.0,linear,heterogeneous,500
Horseshoe,2.6711653218713,0.958992424433326,0.0,linear,heterogeneous,500
Horseshoe,2.92724503635275,1.01240066751674,0.0,linear,heterogeneous,500
Horseshoe,2.19194558590131,0.904249628564003,0.0,linear,heterogeneous,500
Horseshoe,2.65897750731539,1.02224490608819,0.0,linear,heterogeneous,500
Horseshoe,2.72785797759781,0.892058610644729,0.0,linear,heterogeneous,500
Horseshoe,2.26145112375783,0.961260805552695,0.0,linear,heterogeneous,500
Horseshoe,2.36184926586806,0.918867928690032,0.0,linear,heterogeneous,500
Horseshoe,2.68524589061123,0.883719511469638,0.0,linear,heterogeneous,500
Horseshoe,2.28609096540419,0.937925129809229,0.0,linear,heterogeneous,500
Horseshoe,2.72190627042079,0.964628222111461,0.0,linear,heterogeneous,500
Horseshoe,2.61065369732334,0.949794462579893,0.0,linear,heterogeneous,500
Horseshoe,3.29817377507929,0.917149093053742,0.0,linear,heterogeneous,500
Horseshoe,2.91787274705334,0.98807301896628,0.0,linear,heterogeneous,500
Horseshoe,2.38624306747484,0.898865262967803,0.0,linear,heterogeneous,500
Horseshoe,2.75925683403733,0.884792247489535,0.0,linear,heterogeneous,500
Horseshoe,2.41865864608531,0.921531612664982,0.0,linear,heterogeneous,500
Horseshoe,2.57344049380493,0.977014393261604,0.0,linear,heterogeneous,500
Horseshoe,2.38397018457896,0.960461137295631,0.0,linear,heterogeneous,500
Horseshoe,2.24123675611591,0.874980383936484,0.0,linear,heterogeneous,500
Horseshoe,2.86782614135276,0.934377200156703,0.0,linear,heterogeneous,500
Horseshoe,2.36357733493363,0.910591882232578,0.0,linear,heterogeneous,500
Horseshoe,3.10647764861915,0.941413816853991,0.0,linear,heterogeneous,500
Horseshoe,2.27561665413024,0.956676997114795,0.0,linear,heterogeneous,500
Horseshoe,2.36218052571851,0.916443193767115,0.0,linear,heterogeneous,500
Horseshoe,1.88954393171689,0.849539361177357,0.0,linear,heterogeneous,500
Horseshoe,2.85823909888294,1.0239345573923,0.0,linear,heterogeneous,500
Horseshoe,2.68987129717765,0.96793532795511,0.0,linear,heterogeneous,500
Horseshoe,2.98344444846034,1.03432592979905,0.0,linear,heterogeneous,500
Horseshoe,2.27968217637124,0.896939039977498,0.0,linear,heterogeneous,500
Horseshoe,2.56157393039246,0.956316060803717,0.0,linear,heterogeneous,500
Horseshoe,2.52737408141212,0.978965590151573,0.0,linear,heterogeneous,500
Horseshoe,2.57212190265363,0.963619293465229,0.0,linear,heterogeneous,500
Horseshoe,2.67108106335474,0.933902705824299,0.0,linear,heterogeneous,500
Horseshoe,2.61033485181045,0.966016081878943,0.0,linear,heterogeneous,500
Horseshoe,2.41796095594844,0.90656258087987,0.0,linear,heterogeneous,500
Horseshoe,2.02238884927036,1.00801923328905,0.0,linear,heterogeneous,500
Horseshoe,2.84887906980816,0.902496157346251,0.0,linear,heterogeneous,500
Horseshoe,2.54600564548876,0.944243642471099,0.0,linear,heterogeneous,500
Horseshoe,2.44075297470306,0.969026667723317,0.0,linear,heterogeneous,500
Horseshoe,2.66838933099588,0.944758492061477,0.0,linear,heterogeneous,500
Horseshoe,2.68691287553047,0.905452042121762,0.0,linear,heterogeneous,500
Horseshoe,2.40130518913168,0.926209711879842,0.0,linear,heterogeneous,500
Horseshoe,2.62839450434798,0.947143719893682,0.0,linear,heterogeneous,500
Horseshoe,2.62779895285434,0.997896564662299,0.0,linear,heterogeneous,500
Horseshoe,2.60131086090249,0.86406854238214,0.0,linear,heterogeneous,500
Horseshoe,2.67178468968542,0.964484501944663,0.0,linear,heterogeneous,500
Horseshoe,3.16414557471012,0.839610482373759,0.0,linear,heterogeneous,500
Horseshoe,2.72620975529195,0.945345352652676,0.0,linear,heterogeneous,500
Horseshoe,1.86511562037178,1.63154567829687,0.0,linear,homogeneous,250
Horseshoe,2.40612625065511,1.49535942847309,0.0,linear,homogeneous,250
Horseshoe,3.3321352071468,1.59407257814974,0.0,linear,homogeneous,250
Horseshoe,3.2094146751043,1.53835087412316,0.0,linear,homogeneous,250
Horseshoe,2.28712409462414,1.38938718731577,0.0,linear,homogeneous,250
Horseshoe,2.70730436370614,1.5193388320787,0.0,linear,homogeneous,250
Horseshoe,3.06297181155792,1.37740376701745,0.0,linear,homogeneous,250
Horseshoe,3.0605762602264,1.38438389385732,0.0,linear,homogeneous,250
Horseshoe,2.6565892929807,1.54441414979329,0.0,linear,homogeneous,250
Horseshoe,2.81883479675251,1.4854012502217,0.0,linear,homogeneous,250
Horseshoe,2.77028522181052,1.36978904959895,0.0,linear,homogeneous,250
Horseshoe,2.96190278276288,1.38226044269732,0.0,linear,homogeneous,250
Horseshoe,2.69031623406081,1.54701636046653,0.0,linear,homogeneous,250
Horseshoe,3.06924634525031,1.45667853812652,0.0,linear,homogeneous,250
Horseshoe,2.7175954198417,1.49621754302024,0.0,linear,homogeneous,250
Horseshoe,2.95465844342934,1.53153432896471,0.0,linear,homogeneous,250
Horseshoe,3.17839797769698,1.57832419483833,0.0,linear,homogeneous,250
Horseshoe,2.52174927769707,1.4610286964808,0.0,linear,homogeneous,250
Horseshoe,2.65757945586846,1.56194980413745,0.0,linear,homogeneous,250
Horseshoe,2.89208116366243,1.52146873733562,0.0,linear,homogeneous,250
Horseshoe,3.34858844521319,1.43455335697951,0.0,linear,homogeneous,250
Horseshoe,2.82475270180593,1.48785162048348,0.0,linear,homogeneous,250
Horseshoe,2.8226068288425,1.48344293693291,0.0,linear,homogeneous,250
Horseshoe,2.80147343201975,1.43803459994659,0.0,linear,homogeneous,250
Horseshoe,3.24348616786135,1.4255758122253,0.0,linear,homogeneous,250
Horseshoe,2.70898846764151,1.49314954440299,0.0,linear,homogeneous,250
Horseshoe,3.14988665601366,1.50435617761515,0.0,linear,homogeneous,250
Horseshoe,2.381445722354,1.83780474074634,0.0,linear,homogeneous,250
Horseshoe,2.78304995128339,1.5229080596532,0.0,linear,homogeneous,250
Horseshoe,3.59942544962518,1.51143370780206,0.0,linear,homogeneous,250
Horseshoe,2.69043602284812,1.51004136978616,0.0,linear,homogeneous,250
Horseshoe,2.46448061197649,1.50034179298763,0.0,linear,homogeneous,250
Horseshoe,2.49817868265987,1.47219503708342,0.0,linear,homogeneous,250
Horseshoe,2.66774492159206,1.44712126399183,0.0,linear,homogeneous,250
Horseshoe,2.99159405803985,1.56968876603423,0.0,linear,homogeneous,250
Horseshoe,2.48157676681575,1.42263907124188,0.0,linear,homogeneous,250
Horseshoe,2.87524313110565,1.52360354572623,0.0,linear,homogeneous,250
Horseshoe,2.91714938218867,1.40301548191626,0.0,linear,homogeneous,250
Horseshoe,3.36783690443747,1.58706952785843,0.0,linear,homogeneous,250
Horseshoe,4.37706723319574,1.71600001691694,0.0,linear,homogeneous,250
Horseshoe,3.36409356981553,1.50999855907679,0.0,linear,homogeneous,250
Horseshoe,2.91891503015603,1.56480035138132,0.0,linear,homogeneous,250
Horseshoe,2.71678291530596,1.38403113926991,0.0,linear,homogeneous,250
Horseshoe,3.51143174445143,1.62920593616247,0.0,linear,homogeneous,250
Horseshoe,1.72263706970783,1.54731004104058,0.0,linear,homogeneous,250
Horseshoe,2.84173213720488,1.44253761167951,0.0,linear,homogeneous,250
Horseshoe,2.69904529041989,1.48146992486519,0.0,linear,homogeneous,250
Horseshoe,2.81275772202397,1.47109810702186,0.0,linear,homogeneous,250
Horseshoe,2.56409750455937,1.60015290840537,0.0,linear,homogeneous,250
Horseshoe,3.68666504686642,1.55573943473827,0.0,linear,homogeneous,250
Horseshoe,3.24452085145586,1.01786913743149,0.0,linear,homogeneous,500
Horseshoe,2.37965533464181,1.01523545620578,0.0,linear,homogeneous,500
Horseshoe,2.77773378649091,1.0410373026287,0.0,linear,homogeneous,500
Horseshoe,3.30099548176617,1.12976430224804,0.0,linear,homogeneous,500
Horseshoe,2.37862117243831,0.989306203982722,0.0,linear,homogeneous,500
Horseshoe,3.00138339059429,1.12571218802265,0.0,linear,homogeneous,500
Horseshoe,3.12063873903266,1.01689941691789,0.0,linear,homogeneous,500
Horseshoe,2.46166105346252,1.0647937401207,0.0,linear,homogeneous,500
Horseshoe,2.49705798171676,1.04042393673765,0.0,linear,homogeneous,500
Horseshoe,2.94549720746672,0.987498144400937,0.0,linear,homogeneous,500
Horseshoe,2.4054623354508,1.03770183811259,0.0,linear,homogeneous,500
Horseshoe,2.90698993217021,1.07008659603152,0.0,linear,homogeneous,500
Horseshoe,2.8640913301008,1.04683077291689,0.0,linear,homogeneous,500
Horseshoe,3.63993844451422,1.05795601771222,0.0,linear,homogeneous,500
Horseshoe,3.15256070597822,1.06787062859027,0.0,linear,homogeneous,500
Horseshoe,2.56421025496877,1.0231044509176,0.0,linear,homogeneous,500
Horseshoe,2.90417082141529,0.964641974733806,0.0,linear,homogeneous,500
Horseshoe,2.56180777513995,1.05896154885336,0.0,linear,homogeneous,500
Horseshoe,2.7973191420236,1.04858205407003,0.0,linear,homogeneous,500
Horseshoe,2.53006277186935,1.04685300176533,0.0,linear,homogeneous,500
Horseshoe,2.50039652906005,0.991256953103722,0.0,linear,homogeneous,500
Horseshoe,3.29941536277445,1.05565934713333,0.0,linear,homogeneous,500
Horseshoe,2.64932401474917,1.01130062268634,0.0,linear,homogeneous,500
Horseshoe,3.67680934192675,1.03903895648273,0.0,linear,homogeneous,500
Horseshoe,2.38540698500191,1.08514310137195,0.0,linear,homogeneous,500
Horseshoe,2.57956800141653,1.01115228355468,0.0,linear,homogeneous,500
Horseshoe,2.02765943198867,0.997879740330557,0.0,linear,homogeneous,500
Horseshoe,3.27096711443744,1.11320005314675,0.0,linear,homogeneous,500
Horseshoe,2.93734573094151,1.08694201511255,0.0,linear,homogeneous,500
Horseshoe,3.31599140128524,1.16342011735008,0.0,linear,homogeneous,500
Horseshoe,2.42029374951514,1.03025766224686,0.0,linear,homogeneous,500
Horseshoe,2.93421342767734,1.03444081969864,0.0,linear,homogeneous,500
Horseshoe,2.69508953703942,1.07909258709367,0.0,linear,homogeneous,500
Horseshoe,2.77135422966252,1.07100135381502,0.0,linear,homogeneous,500
Horseshoe,3.04893224435838,1.02081804562411,0.0,linear,homogeneous,500
Horseshoe,2.85405958610979,1.05976708456357,0.0,linear,homogeneous,500
Horseshoe,2.64810699438656,1.03351146299509,0.0,linear,homogeneous,500
Horseshoe,2.22681637404111,1.13269895683129,0.0,linear,homogeneous,500
Horseshoe,3.13631311618702,1.02687914085769,0.0,linear,homogeneous,500
Horseshoe,2.81446996981772,1.06593929022463,0.0,linear,homogeneous,500
Horseshoe,2.68247425802503,1.04387450232319,0.0,linear,homogeneous,500
Horseshoe,2.82711346561636,1.06343088997171,0.0,linear,homogeneous,500
Horseshoe,2.96970370865434,1.01649224121528,0.0,linear,homogeneous,500
Horseshoe,2.52292699021627,1.05908266266843,0.0,linear,homogeneous,500
Horseshoe,2.79976732372891,1.06116631803345,0.0,linear,homogeneous,500
Horseshoe,2.90040933356368,1.08946809049417,0.0,linear,homogeneous,500
Horseshoe,2.86594381456155,0.970804392668349,0.0,linear,homogeneous,500
Horseshoe,2.8816952950363,1.05245904302632,0.0,linear,homogeneous,500
Horseshoe,3.35494753389308,0.914489161406419,0.0,linear,homogeneous,500
Horseshoe,2.97913148276373,1.06186215415189,0.0,linear,homogeneous,500
Horseshoe,2.6170772534003,1.99550700722118,0.0,nonlinear,heterogeneous,250
Horseshoe,2.21447990885329,1.94422294633728,0.0,nonlinear,heterogeneous,250
Horseshoe,2.64544875203679,1.99516670037048,0.0,nonlinear,heterogeneous,250
Horseshoe,2.55077396299654,2.11718088023319,0.0,nonlinear,heterogeneous,250
Horseshoe,2.14536647095925,1.95827774931545,0.0,nonlinear,heterogeneous,250
Horseshoe,2.48563853137059,2.15400427531341,0.0,nonlinear,heterogeneous,250
Horseshoe,1.87460299773682,1.59017983733021,0.0,nonlinear,heterogeneous,250
Horseshoe,3.99415274905561,1.8476313466969,0.0,nonlinear,heterogeneous,250
Horseshoe,2.81732502584173,1.75973707787131,0.0,nonlinear,heterogeneous,250
Horseshoe,1.60882398034114,2.03749898932042,0.0,nonlinear,heterogeneous,250
Horseshoe,2.55078378872011,1.79145366192746,0.0,nonlinear,heterogeneous,250
Horseshoe,2.77244868237017,1.64993349869725,0.0,nonlinear,heterogeneous,250
Horseshoe,2.2604209948754,1.7054954148693,0.0,nonlinear,heterogeneous,250
Horseshoe,2.48655154498783,1.86938155647913,0.0,nonlinear,heterogeneous,250
Horseshoe,1.46452496726407,1.86205506737546,0.0,nonlinear,heterogeneous,250
Horseshoe,2.21782385488046,1.83348357305897,0.0,nonlinear,heterogeneous,250
Horseshoe,2.76658373025982,2.08234974763045,0.0,nonlinear,heterogeneous,250
Horseshoe,2.55879129055943,1.87112905647858,0.0,nonlinear,heterogeneous,250
Horseshoe,1.95887656092793,1.94422151225932,0.0,nonlinear,heterogeneous,250
Horseshoe,2.37986137380168,1.90976061415546,0.0,nonlinear,heterogeneous,250
Horseshoe,2.65285575345454,1.76545721865339,0.0,nonlinear,heterogeneous,250
Horseshoe,3.2620291333092,1.91660678589808,0.0,nonlinear,heterogeneous,250
Horseshoe,2.77142325931335,1.75999028096982,0.0,nonlinear,heterogeneous,250
Horseshoe,2.31263123474522,1.66547398847911,0.0,nonlinear,heterogeneous,250
Horseshoe,3.36229850940201,1.74008496107672,0.0,nonlinear,heterogeneous,250
Horseshoe,1.67159472060919,1.90882727967203,0.0,nonlinear,heterogeneous,250
Horseshoe,3.0955136290379,1.96705633174458,0.0,nonlinear,heterogeneous,250
Horseshoe,1.92516827599803,2.10716466424217,0.0,nonlinear,heterogeneous,250
Horseshoe,2.72657661484392,1.91084268984373,0.0,nonlinear,heterogeneous,250
Horseshoe,3.32797071263587,1.81405020561396,0.0,nonlinear,heterogeneous,250
Horseshoe,2.1840413221496,1.82360538037475,0.0,nonlinear,heterogeneous,250
Horseshoe,0.844089450512579,1.82294927693345,1.0,nonlinear,heterogeneous,250
Horseshoe,1.9191582190056,1.79027164116816,0.0,nonlinear,heterogeneous,250
Horseshoe,2.30265419614692,2.05148451645863,0.0,nonlinear,heterogeneous,250
Horseshoe,3.22827505463658,1.93606146789854,0.0,nonlinear,heterogeneous,250
Horseshoe,2.54089410846699,2.01882358717548,0.0,nonlinear,heterogeneous,250
Horseshoe,1.64257958257766,1.88257773072491,0.0,nonlinear,heterogeneous,250
Horseshoe,1.81735062491135,1.82819509642952,0.0,nonlinear,heterogeneous,250
Horseshoe,2.47254351465589,2.04006971378318,0.0,nonlinear,heterogeneous,250
Horseshoe,3.0364538920336,2.0436308129373,0.0,nonlinear,heterogeneous,250
Horseshoe,3.01718015943068,1.84471475514338,0.0,nonlinear,heterogeneous,250
Horseshoe,2.68223712302499,1.92564350886259,0.0,nonlinear,heterogeneous,250
Horseshoe,2.05279068498868,1.81460831698244,0.0,nonlinear,heterogeneous,250
Horseshoe,2.41096687532435,1.85396764919298,0.0,nonlinear,heterogeneous,250
Horseshoe,1.66764248975092,1.77919047983214,0.0,nonlinear,heterogeneous,250
Horseshoe,2.48291090341211,1.85513650415561,0.0,nonlinear,heterogeneous,250
Horseshoe,1.14952932233987,1.63588833099999,0.0,nonlinear,heterogeneous,250
Horseshoe,2.01565307339752,1.58217946913843,0.0,nonlinear,heterogeneous,250
Horseshoe,2.59805294637926,1.9413579222376,0.0,nonlinear,heterogeneous,250
Horseshoe,2.79807674957775,1.71051731975529,0.0,nonlinear,heterogeneous,250
Horseshoe,2.97193173167258,1.3356109099502,0.0,nonlinear,heterogeneous,500
Horseshoe,2.59157227105299,1.22828243340741,0.0,nonlinear,heterogeneous,500
Horseshoe,2.93176501377461,1.39405461033068,0.0,nonlinear,heterogeneous,500
Horseshoe,2.11679110241399,1.36309333294632,0.0,nonlinear,heterogeneous,500
Horseshoe,2.43739553610815,1.17450504340343,0.0,nonlinear,heterogeneous,500
Horseshoe,2.90228236624061,1.34516548227011,0.0,nonlinear,heterogeneous,500
Horseshoe,3.00488346849474,1.28728459451052,0.0,nonlinear,heterogeneous,500
Horseshoe,2.05016102164562,1.31269430208719,0.0,nonlinear,heterogeneous,500
Horseshoe,1.18436303434683,1.16865373372109,0.0,nonlinear,heterogeneous,500
Horseshoe,2.4669315116248,1.28534419700942,0.0,nonlinear,heterogeneous,500
Horseshoe,1.68099576376852,1.2394025670281,0.0,nonlinear,heterogeneous,500
Horseshoe,2.59125309063903,1.31888774370106,0.0,nonlinear,heterogeneous,500
Horseshoe,2.84645518415443,1.37344204888485,0.0,nonlinear,heterogeneous,500
Horseshoe,2.74609697454444,1.39823613818201,0.0,nonlinear,heterogeneous,500
Horseshoe,2.21068280166921,1.27801409782436,0.0,nonlinear,heterogeneous,500
Horseshoe,1.92451160325683,1.15888891048158,0.0,nonlinear,heterogeneous,500
Horseshoe,3.3367450423445,1.23195104937879,0.0,nonlinear,heterogeneous,500
Horseshoe,2.6726789140659,1.27020247444553,0.0,nonlinear,heterogeneous,500
Horseshoe,2.06005303205217,1.32525844071016,0.0,nonlinear,heterogeneous,500
Horseshoe,2.16733220060512,1.37993499729046,0.0,nonlinear,heterogeneous,500
Horseshoe,2.17161500127977,1.1617492288367,0.0,nonlinear,heterogeneous,500
Horseshoe,2.63322516031356,1.22796698227204,0.0,nonlinear,heterogeneous,500
Horseshoe,1.55700885044073,1.27600920189669,0.0,nonlinear,heterogeneous,500
Horseshoe,3.2516677560374,1.35097093399627,0.0,nonlinear,heterogeneous,500
Horseshoe,2.09975457160162,1.26903514525385,0.0,nonlinear,heterogeneous,500
Horseshoe,2.6812327593982,1.31763631779996,0.0,nonlinear,heterogeneous,500
Horseshoe,2.18155580573615,1.37832404773087,0.0,nonlinear,heterogeneous,500
Horseshoe,3.18968492979781,1.34131773283763,0.0,nonlinear,heterogeneous,500
Horseshoe,2.57503266982657,1.30651294129783,0.0,nonlinear,heterogeneous,500
Horseshoe,3.14444232752487,1.39164667659424,0.0,nonlinear,heterogeneous,500
Horseshoe,2.34194375423,1.40957311554004,0.0,nonlinear,heterogeneous,500
Horseshoe,2.67564098596458,1.23251835282875,0.0,nonlinear,heterogeneous,500
Horseshoe,2.45827337593089,1.42549226250625,0.0,nonlinear,heterogeneous,500
Horseshoe,2.03185288160903,1.28018699732893,0.0,nonlinear,heterogeneous,500
Horseshoe,1.76171202414634,1.28136860873833,0.0,nonlinear,heterogeneous,500
Horseshoe,2.66326443089511,1.28224427866391,0.0,nonlinear,heterogeneous,500
Horseshoe,2.30435947463902,1.42012783970615,0.0,nonlinear,heterogeneous,500
Horseshoe,2.2863313377875,1.43282865705837,0.0,nonlinear,heterogeneous,500
Horseshoe,1.81650881666785,1.30048051463304,0.0,nonlinear,heterogeneous,500
Horseshoe,2.32303077845742,1.35715703485894,0.0,nonlinear,heterogeneous,500
Horseshoe,2.50677893645228,1.33027437997672,0.0,nonlinear,heterogeneous,500
Horseshoe,2.80247194980519,1.37799488387744,0.0,nonlinear,heterogeneous,500
Horseshoe,2.53167408644115,1.26281169781493,0.0,nonlinear,heterogeneous,500
Horseshoe,2.15267781903836,1.27493955783976,0.0,nonlinear,heterogeneous,500
Horseshoe,1.76307002648413,1.26497531336034,0.0,nonlinear,heterogeneous,500
Horseshoe,2.4409523902987,1.24690427391759,0.0,nonlinear,heterogeneous,500
Horseshoe,2.12436969610212,1.24680005142391,0.0,nonlinear,heterogeneous,500
Horseshoe,3.10032369975022,1.35607926128632,0.0,nonlinear,heterogeneous,500
Horseshoe,3.25595802939911,1.18410240304902,0.0,nonlinear,heterogeneous,500
Horseshoe,2.30226892617599,1.43833278887368,0.0,nonlinear,heterogeneous,500
Horseshoe,2.6025586115382,2.19641766777403,0.0,nonlinear,homogeneous,250
Horseshoe,2.25935263599203,2.0729908609146,0.0,nonlinear,homogeneous,250
Horseshoe,2.7832094636295,2.12916860058546,0.0,nonlinear,homogeneous,250
Horseshoe,2.35976069394502,2.27052299743675,0.0,nonlinear,homogeneous,250
Horseshoe,1.98701286696687,2.20534685921862,0.0,nonlinear,homogeneous,250
Horseshoe,2.42351280690132,2.30769833303197,0.0,nonlinear,homogeneous,250
Horseshoe,1.8595325705092,1.7338972864198,0.0,nonlinear,homogeneous,250
Horseshoe,3.99816681770773,1.91870934373574,0.0,nonlinear,homogeneous,250
Horseshoe,2.84244118042863,1.83855737917516,0.0,nonlinear,homogeneous,250
Horseshoe,1.49246218256309,2.09453717216013,0.0,nonlinear,homogeneous,250
Horseshoe,2.45931981528235,1.96189251557662,0.0,nonlinear,homogeneous,250
Horseshoe,2.72959663286456,1.76206830158695,0.0,nonlinear,homogeneous,250
Horseshoe,2.13978069790446,1.87513594145475,0.0,nonlinear,homogeneous,250
Horseshoe,2.51378439498378,2.02488344199018,0.0,nonlinear,homogeneous,250
Horseshoe,1.39429820314865,1.97142655582814,0.0,nonlinear,homogeneous,250
Horseshoe,2.12408854550947,1.9491479633423,0.0,nonlinear,homogeneous,250
Horseshoe,2.65675216309673,2.21131822650257,0.0,nonlinear,homogeneous,250
Horseshoe,2.47240092991781,1.99964481937507,0.0,nonlinear,homogeneous,250
Horseshoe,2.00605938579753,2.12376665700819,0.0,nonlinear,homogeneous,250
Horseshoe,2.31789481402233,2.04087032206655,0.0,nonlinear,homogeneous,250
Horseshoe,2.66676179331152,1.87343985131892,0.0,nonlinear,homogeneous,250
Horseshoe,3.27299677840437,2.02325589761589,0.0,nonlinear,homogeneous,250
Horseshoe,2.65449861759439,1.89219098441254,0.0,nonlinear,homogeneous,250
Horseshoe,2.13923224231388,1.80730929230223,0.0,nonlinear,homogeneous,250
Horseshoe,3.16521764398094,1.85302061035942,0.0,nonlinear,homogeneous,250
Horseshoe,1.63873987200484,2.05705352202085,0.0,nonlinear,homogeneous,250
Horseshoe,3.06425429958286,2.14971672747366,0.0,nonlinear,homogeneous,250
Horseshoe,1.80377985936269,2.22705804374858,0.0,nonlinear,homogeneous,250
Horseshoe,2.75647656755736,2.0570818623227,0.0,nonlinear,homogeneous,250
Horseshoe,3.26469658307795,1.93801460745079,0.0,nonlinear,homogeneous,250
Horseshoe,2.00122128871373,1.91751094724902,0.0,nonlinear,homogeneous,250
Horseshoe,0.740521267959835,1.91328471101271,1.0,nonlinear,homogeneous,250
Horseshoe,1.77460859793995,1.87890137046318,0.0,nonlinear,homogeneous,250
Horseshoe,2.35706060190111,2.15893628916347,0.0,nonlinear,homogeneous,250
Horseshoe,3.05550612100551,2.10934590736495,0.0,nonlinear,homogeneous,250
Horseshoe,2.50750322700666,2.02403291702705,0.0,nonlinear,homogeneous,250
Horseshoe,1.2599367238311,2.05115278614891,0.0,nonlinear,homogeneous,250
Horseshoe,1.7408342566462,1.9191168531465,0.0,nonlinear,homogeneous,250
Horseshoe,2.25919877651292,2.17675503982538,0.0,nonlinear,homogeneous,250
Horseshoe,2.92297065734815,2.23324273682212,0.0,nonlinear,homogeneous,250
Horseshoe,3.15808473677583,1.93063031996036,0.0,nonlinear,homogeneous,250
Horseshoe,2.49566759884766,2.07121050592579,0.0,nonlinear,homogeneous,250
Horseshoe,1.99299103337522,2.00089946799287,0.0,nonlinear,homogeneous,250
Horseshoe,2.25981772099596,2.00358031778229,0.0,nonlinear,homogeneous,250
Horseshoe,1.7218133587038,1.83778635827988,0.0,nonlinear,homogeneous,250
Horseshoe,2.5862541666523,1.98702181641154,0.0,nonlinear,homogeneous,250
Horseshoe,0.798165086807323,1.86744967311448,1.0,nonlinear,homogeneous,250
Horseshoe,1.9554431570108,1.74140061052309,0.0,nonlinear,homogeneous,250
Horseshoe,2.66904126246187,2.01244964871276,0.0,nonlinear,homogeneous,250
Horseshoe,2.86565873844193,1.78298782796228,0.0,nonlinear,homogeneous,250
Horseshoe,2.84641182261242,1.45019124817038,0.0,nonlinear,homogeneous,500
Horseshoe,2.53088008808758,1.3291433231212,0.0,nonlinear,homogeneous,500
Horseshoe,2.80786978869996,1.4651165498798,0.0,nonlinear,homogeneous,500
Horseshoe,2.03679050859944,1.47615538469892,0.0,nonlinear,homogeneous,500
Horseshoe,2.32537112749768,1.22642028537474,0.0,nonlinear,homogeneous,500
Horseshoe,2.71020626393882,1.44061556089798,0.0,nonlinear,homogeneous,500
Horseshoe,3.14116295200174,1.37806235970884,0.0,nonlinear,homogeneous,500
Horseshoe,1.96094730724151,1.41231948347036,0.0,nonlinear,homogeneous,500
Horseshoe,0.967296683346309,1.24573845732856,0.0,nonlinear,homogeneous,500
Horseshoe,2.41085876537366,1.38644029411804,0.0,nonlinear,homogeneous,500
Horseshoe,1.71856132034073,1.31375255344228,0.0,nonlinear,homogeneous,500
Horseshoe,2.39318705023791,1.4155593967873,0.0,nonlinear,homogeneous,500
Horseshoe,2.71150724989708,1.43854613285195,0.0,nonlinear,homogeneous,500
Horseshoe,2.73174955238578,1.46515662500455,0.0,nonlinear,homogeneous,500
Horseshoe,2.31841182449594,1.3613896690684,0.0,nonlinear,homogeneous,500
Horseshoe,1.81548970270507,1.25941260091502,0.0,nonlinear,homogeneous,500
Horseshoe,3.14065620083063,1.30252413074255,0.0,nonlinear,homogeneous,500
Horseshoe,2.59757653158088,1.37047973246444,0.0,nonlinear,homogeneous,500
Horseshoe,1.93632469594094,1.37226485858587,0.0,nonlinear,homogeneous,500
Horseshoe,1.82796222481003,1.40720249355665,0.0,nonlinear,homogeneous,500
Horseshoe,2.06739902504047,1.26797727284421,0.0,nonlinear,homogeneous,500
Horseshoe,2.57328237720185,1.33744879946153,0.0,nonlinear,homogeneous,500
Horseshoe,1.48062428055852,1.35037593978988,0.0,nonlinear,homogeneous,500
Horseshoe,3.02225481350187,1.47943295314133,0.0,nonlinear,homogeneous,500
Horseshoe,1.81720135343802,1.37966238862113,0.0,nonlinear,homogeneous,500
Horseshoe,2.56841931198955,1.38145124363659,0.0,nonlinear,homogeneous,500
Horseshoe,2.08556345084489,1.49992113132318,0.0,nonlinear,homogeneous,500
Horseshoe,3.13506547606225,1.44753190961086,0.0,nonlinear,homogeneous,500
Horseshoe,2.42159241113744,1.4293160672763,0.0,nonlinear,homogeneous,500
Horseshoe,3.05137747186784,1.51723045711581,0.0,nonlinear,homogeneous,500
Horseshoe,2.24861390300423,1.50738853791989,0.0,nonlinear,homogeneous,500
Horseshoe,2.82661459875007,1.33612475279249,0.0,nonlinear,homogeneous,500
Horseshoe,2.28447014052108,1.50717740793106,0.0,nonlinear,homogeneous,500
Horseshoe,1.85769812391085,1.35295398875761,0.0,nonlinear,homogeneous,500
Horseshoe,1.64475559820214,1.40054152313263,0.0,nonlinear,homogeneous,500
Horseshoe,2.53046442658788,1.395771078636,0.0,nonlinear,homogeneous,500
Horseshoe,2.16249972410961,1.50788151634335,0.0,nonlinear,homogeneous,500
Horseshoe,2.20602093747506,1.55007905544127,0.0,nonlinear,homogeneous,500
Horseshoe,1.76571364755573,1.42354820990694,0.0,nonlinear,homogeneous,500
Horseshoe,2.16940594034719,1.44650951916648,0.0,nonlinear,homogeneous,500
Horseshoe,2.45292633034365,1.42343078041884,0.0,nonlinear,homogeneous,500
Horseshoe,2.69970585953504,1.45859776979619,0.0,nonlinear,homogeneous,500
Horseshoe,2.3068090365008,1.3513829280781,0.0,nonlinear,homogeneous,500
Horseshoe,1.91342641237669,1.3663593133128,0.0,nonlinear,homogeneous,500
Horseshoe,1.42201571231669,1.37430444239537,0.0,nonlinear,homogeneous,500
Horseshoe,2.32544856481125,1.30377880989031,0.0,nonlinear,homogeneous,500
Horseshoe,2.01183876591175,1.34663469950831,0.0,nonlinear,homogeneous,500
Horseshoe,2.90767743275141,1.40667242680849,0.0,nonlinear,homogeneous,500
Horseshoe,3.27943123592167,1.24673741235179,0.0,nonlinear,homogeneous,500
Horseshoe,2.19496405008907,1.55185759570229,0.0,nonlinear,homogeneous,500
BART,0.215830853157052,0.699974513754232,0.992,nonlinear,homogeneous,250
BART,0.330306207665813,0.880927859677034,0.992,nonlinear,homogeneous,250
BART,0.290148046151352,0.735419036340024,1.0,nonlinear,homogeneous,250
BART,0.341946255046135,0.671922689906093,0.976,nonlinear,homogeneous,250
BART,0.21989639002535,0.767562009280791,1.0,nonlinear,homogeneous,250
BART,0.339548912408259,0.761837298424322,0.98,nonlinear,homogeneous,250
BART,0.576771961562529,0.784231271229673,0.844,nonlinear,homogeneous,250
BART,0.427677793845653,0.841768364238348,0.996,nonlinear,homogeneous,250
BART,0.212101108271178,0.809732063330062,1.0,nonlinear,homogeneous,250
BART,0.180860398599848,0.665074498239582,0.952,nonlinear,homogeneous,250
BART,0.201013678822452,0.703477555734071,1.0,nonlinear,homogeneous,250
BART,0.235926891632979,0.66894600073823,1.0,nonlinear,homogeneous,250
BART,0.229964577787222,0.839531275765288,1.0,nonlinear,homogeneous,250
BART,0.4508005492107,0.722849163338799,0.96,nonlinear,homogeneous,250
BART,0.349402976443536,0.911489188066458,1.0,nonlinear,homogeneous,250
BART,0.513859002545107,0.723839168473025,0.896,nonlinear,homogeneous,250
BART,0.201127648918543,0.71005123427796,1.0,nonlinear,homogeneous,250
BART,0.248470753923675,0.729414153839143,1.0,nonlinear,homogeneous,250
BART,0.213193204332841,0.768386772791662,1.0,nonlinear,homogeneous,250
BART,0.220904931018992,0.737900933791777,0.988,nonlinear,homogeneous,250
BART,0.211171993875774,0.813859673719674,1.0,nonlinear,homogeneous,250
BART,0.410817319535018,0.792655533805192,1.0,nonlinear,homogeneous,250
BART,0.242327542999865,0.68331433891512,0.992,nonlinear,homogeneous,250
BART,0.283025993042131,0.77420535636807,1.0,nonlinear,homogeneous,250
BART,0.349374490531451,0.725064230548038,0.996,nonlinear,homogeneous,250
BART,0.329289156109668,0.741837610842452,0.992,nonlinear,homogeneous,250
BART,0.372754651851846,0.653400496494201,1.0,nonlinear,homogeneous,250
BART,0.266010478645029,0.811574070524651,0.992,nonlinear,homogeneous,250
BART,0.235674834174259,0.810261626463034,1.0,nonlinear,homogeneous,250
BART,0.221604159653606,0.743908111103946,1.0,nonlinear,homogeneous,250
BART,0.188879448684382,0.728190186201473,1.0,nonlinear,homogeneous,250
BART,0.270694224302172,0.808190261512657,0.924,nonlinear,homogeneous,250
BART,0.190979393309942,0.746204365493389,1.0,nonlinear,homogeneous,250
BART,0.229416300364062,0.85389748976719,0.996,nonlinear,homogeneous,250
BART,0.289636615028528,0.720970785342959,0.956,nonlinear,homogeneous,250
BART,0.262647261584462,0.766530022449858,1.0,nonlinear,homogeneous,250
BART,0.311399003759587,0.836761699481403,0.996,nonlinear,homogeneous,250
BART,0.209652031398934,0.843766731636523,1.0,nonlinear,homogeneous,250
BART,0.644135987274742,0.797648674967407,0.856,nonlinear,homogeneous,250
BART,0.293871372306706,0.713486744282407,0.928,nonlinear,homogeneous,250
BART,0.212749722429511,0.811143686220302,1.0,nonlinear,homogeneous,250
BART,0.30856415731946,0.781311751203882,1.0,nonlinear,homogeneous,250
BART,0.202268702663577,0.79550306696445,1.0,nonlinear,homogeneous,250
BART,0.284574179737254,0.768103212848555,0.996,nonlinear,homogeneous,250
BART,0.204207080072836,0.842975492530682,1.0,nonlinear,homogeneous,250
BART,0.210500476959808,0.83762194426663,1.0,nonlinear,homogeneous,250
BART,0.392307519537357,0.699038588191675,0.976,nonlinear,homogeneous,250
BART,0.289609785742738,0.767262120465435,0.996,nonlinear,homogeneous,250
BART,0.33444132687528,0.750463482001291,0.92,nonlinear,homogeneous,250
BART,0.227051734444802,0.851299688830522,1.0,nonlinear,homogeneous,250
BART,0.199607320064131,0.73953549417773,1.0,linear,homogeneous,250
BART,0.341315986442455,0.805650588609241,1.0,linear,homogeneous,250
BART,0.203208550712861,0.787131348492599,1.0,linear,homogeneous,250
BART,0.234718580041318,0.734994447714606,1.0,linear,homogeneous,250
BART,0.203897332564167,0.806894367663848,0.984,linear,homogeneous,250
BART,0.466015206735024,0.864232191836444,0.996,linear,homogeneous,250
BART,0.419093426422359,0.798671385903489,0.98,linear,homogeneous,250
BART,0.310859469899288,0.896240776151687,1.0,linear,homogeneous,250
BART,0.245740009401597,0.904460870766786,0.96,linear,homogeneous,250
BART,0.273789655330438,0.753555752355405,1.0,linear,homogeneous,250
BART,0.397090389636527,0.773841710172462,0.972,linear,homogeneous,250
BART,0.421381238708191,0.640487281985258,0.96,linear,homogeneous,250
BART,0.227596804651646,0.709035215754652,1.0,linear,homogeneous,250
BART,0.560222460868816,0.719234920639913,0.888,linear,homogeneous,250
BART,0.262966669438955,0.879449256535542,1.0,linear,homogeneous,250
BART,0.284625783027043,0.803899901717811,1.0,linear,homogeneous,250
BART,0.320470686392629,0.702013161792908,0.964,linear,homogeneous,250
BART,0.255663040727714,0.700492161888011,1.0,linear,homogeneous,250
BART,0.379539231751554,0.74462364410799,1.0,linear,homogeneous,250
BART,0.272444249493621,0.827233290904561,0.996,linear,homogeneous,250
BART,0.251119293252382,0.901262299434652,0.988,linear,homogeneous,250
BART,0.205184077710807,0.783626294845235,1.0,linear,homogeneous,250
BART,0.380121091100176,0.696429803562047,1.0,linear,homogeneous,250
BART,0.297415054992793,0.836583412666347,0.908,linear,homogeneous,250
BART,0.443840554360384,0.831209387856049,0.948,linear,homogeneous,250
BART,0.261505985627387,0.757712558893266,1.0,linear,homogeneous,250
BART,0.26434300763924,0.771769595401161,0.996,linear,homogeneous,250
BART,0.320630300639346,0.758132661132884,0.992,linear,homogeneous,250
BART,0.209639487867701,0.779382654004031,1.0,linear,homogeneous,250
BART,0.210925477193783,0.759220088992429,1.0,linear,homogeneous,250
BART,0.225798515917397,0.793285750791731,1.0,linear,homogeneous,250
BART,0.289062173544282,0.837767464012985,0.964,linear,homogeneous,250
BART,0.192812623277546,0.736333479032556,1.0,linear,homogeneous,250
BART,0.266353091248688,1.00847854481765,1.0,linear,homogeneous,250
BART,0.300623185823846,0.679500963098486,1.0,linear,homogeneous,250
BART,0.361804199977856,0.769332214570466,1.0,linear,homogeneous,250
BART,0.267306909585221,0.77140141463786,1.0,linear,homogeneous,250
BART,0.316751275705259,0.772470736661309,0.884,linear,homogeneous,250
BART,0.277886401516723,0.926298821187367,1.0,linear,homogeneous,250
BART,0.20230831062199,0.714635739663755,1.0,linear,homogeneous,250
BART,0.345468675272924,0.73348925080462,1.0,linear,homogeneous,250
BART,0.230097877367405,0.822025931662846,1.0,linear,homogeneous,250
BART,0.364442542454831,0.892596621843686,0.92,linear,homogeneous,250
BART,0.365339870675179,0.774778867215554,0.968,linear,homogeneous,250
BART,0.316538483963582,0.890861474540042,1.0,linear,homogeneous,250
BART,0.39547066359753,0.895917780814825,1.0,linear,homogeneous,250
BART,0.579133276118395,0.762831596394606,1.0,linear,homogeneous,250
BART,0.194936538400012,0.721222511643383,1.0,linear,homogeneous,250
BART,0.342882782516216,0.759543515117115,1.0,linear,homogeneous,250
BART,0.270718056912131,0.890037069892293,1.0,linear,homogeneous,250
BART,0.218710735003154,0.880539155156181,0.824,nonlinear,heterogeneous,250
BART,0.295704713515061,0.892024299754683,0.788,nonlinear,heterogeneous,250
BART,0.48127470172511,0.864615429439138,0.928,nonlinear,heterogeneous,250
BART,0.429135408634933,0.76790409604306,0.848,nonlinear,heterogeneous,250
BART,0.386092575908903,0.96621777087466,0.916,nonlinear,heterogeneous,250
BART,0.550808822016254,0.929930787160978,0.876,nonlinear,heterogeneous,250
BART,0.475257114088987,0.834554104321091,0.768,nonlinear,heterogeneous,250
BART,0.353528521111858,0.964001020739283,0.94,nonlinear,heterogeneous,250
BART,0.220154735244416,0.831959601801029,0.924,nonlinear,heterogeneous,250
BART,0.275668401951834,0.906386612821697,0.884,nonlinear,heterogeneous,250
BART,0.266787604092387,0.808339715532753,0.984,nonlinear,heterogeneous,250
BART,0.282498220771235,0.797148752002856,0.872,nonlinear,heterogeneous,250
BART,0.230333883361665,0.829661709038043,0.92,nonlinear,heterogeneous,250
BART,0.533256387868188,0.92015292536408,0.892,nonlinear,heterogeneous,250
BART,0.280223547993245,1.08631350707083,0.952,nonlinear,heterogeneous,250
BART,0.395852875790074,0.834089708696671,0.904,nonlinear,heterogeneous,250
BART,0.240110956206376,0.892896472207979,0.936,nonlinear,heterogeneous,250
BART,0.283033075410962,0.823234658196956,0.928,nonlinear,heterogeneous,250
BART,0.2403421052637,0.930606040463571,0.872,nonlinear,heterogeneous,250
BART,0.217817632323611,0.780659878965636,0.884,nonlinear,heterogeneous,250
BART,0.281372342840868,0.861201373383318,0.94,nonlinear,heterogeneous,250
BART,0.462731753204588,0.769421739566618,0.852,nonlinear,heterogeneous,250
BART,0.342726179562006,0.849232452737918,0.912,nonlinear,heterogeneous,250
BART,0.292019200733881,0.835992826448284,0.944,nonlinear,heterogeneous,250
BART,0.39003732147076,0.683292516333215,0.828,nonlinear,heterogeneous,250
BART,0.325485938132764,0.879464927679122,0.868,nonlinear,heterogeneous,250
BART,0.367885075249255,0.739837864665854,0.944,nonlinear,heterogeneous,250
BART,0.297746233044923,0.975673453574513,0.916,nonlinear,heterogeneous,250
BART,0.238606389520261,0.880554283424508,0.912,nonlinear,heterogeneous,250
BART,0.229943460807764,0.884969699982816,0.884,nonlinear,heterogeneous,250
BART,0.219341012385101,0.842957379667779,0.904,nonlinear,heterogeneous,250
BART,0.262847033771404,0.984628747654109,0.888,nonlinear,heterogeneous,250
BART,0.254497342175167,0.857651763289085,0.88,nonlinear,heterogeneous,250
BART,0.31130622162929,0.847508283089541,0.912,nonlinear,heterogeneous,250
BART,0.389558960611038,0.807863930068556,0.928,nonlinear,heterogeneous,250
BART,0.238404572154948,0.873878329855244,0.864,nonlinear,heterogeneous,250
BART,0.379741762246829,0.955331615703779,0.92,nonlinear,heterogeneous,250
BART,0.254582025576337,0.96112817618196,0.952,nonlinear,heterogeneous,250
BART,0.679024549967194,0.964527572806353,0.908,nonlinear,heterogeneous,250
BART,0.365961484303958,0.867834602288829,0.86,nonlinear,heterogeneous,250
BART,0.240226732286872,0.89438000160524,0.964,nonlinear,heterogeneous,250
BART,0.28127517526069,0.868902051191134,0.884,nonlinear,heterogeneous,250
BART,0.292020741559851,0.801453659418716,0.912,nonlinear,heterogeneous,250
BART,0.359496098652158,0.902433585312463,0.924,nonlinear,heterogeneous,250
BART,0.285030125577869,0.930353617871945,0.896,nonlinear,heterogeneous,250
BART,0.330985147272587,0.960296676885051,0.9,nonlinear,heterogeneous,250
BART,0.495221849691573,0.749556678371461,0.9,nonlinear,heterogeneous,250
BART,0.342397154272645,0.879265801961251,0.892,nonlinear,heterogeneous,250
BART,0.42805667713328,0.830553439758356,0.892,nonlinear,heterogeneous,250
BART,0.284289258484833,1.07276811268754,0.98,nonlinear,heterogeneous,250
BART,0.219274304429776,0.822296423088542,0.876,linear,heterogeneous,250
BART,0.345010956482531,0.993018973696751,0.804,linear,heterogeneous,250
BART,0.370543116182149,0.907480669129016,0.856,linear,heterogeneous,250
BART,0.251757033361358,0.879700766487856,0.912,linear,heterogeneous,250
BART,0.482125916439675,0.996693515834099,0.696,linear,heterogeneous,250
BART,0.557135996009711,0.971617374148273,0.812,linear,heterogeneous,250
BART,0.40034126574057,0.919415703246863,0.716,linear,heterogeneous,250
BART,0.442730083807163,1.04468685055353,0.776,linear,heterogeneous,250
BART,0.320502133132553,1.11116196080398,0.74,linear,heterogeneous,250
BART,0.489606394075289,0.845967043224166,0.716,linear,heterogeneous,250
BART,0.369241496400227,0.913539323720367,0.912,linear,heterogeneous,250
BART,0.598441162854496,0.862272493977182,0.744,linear,heterogeneous,250
BART,0.409505443091715,0.814818759373355,0.808,linear,heterogeneous,250
BART,0.317184552781385,0.812446551184924,0.852,linear,heterogeneous,250
BART,0.365768540676117,1.07482815709479,0.868,linear,heterogeneous,250
BART,0.284962681489924,0.903299314928233,0.848,linear,heterogeneous,250
BART,0.273606153723327,0.884694078712439,0.888,linear,heterogeneous,250
BART,0.48171932927885,0.804489393477801,0.812,linear,heterogeneous,250
BART,0.378019898552661,0.8564562132411,0.728,linear,heterogeneous,250
BART,0.252776708904309,0.972736342021302,0.808,linear,heterogeneous,250
BART,0.402488658582701,1.03132022679402,0.812,linear,heterogeneous,250
BART,0.335575984087459,0.847543928204033,0.764,linear,heterogeneous,250
BART,0.42020251731541,0.842757695026126,0.748,linear,heterogeneous,250
BART,0.242827392127442,0.911634419196749,0.752,linear,heterogeneous,250
BART,0.70996984576502,1.07754089152513,0.82,linear,heterogeneous,250
BART,0.281725134708717,0.952329941718561,0.852,linear,heterogeneous,250
BART,0.250040304677122,0.893100385720006,0.792,linear,heterogeneous,250
BART,0.293358471582478,0.824254246558284,0.792,linear,heterogeneous,250
BART,0.23625366799219,0.899356160424694,0.904,linear,heterogeneous,250
BART,0.210747774783737,0.833806031794085,0.88,linear,heterogeneous,250
BART,0.249412574844094,0.982989195001535,0.904,linear,heterogeneous,250
BART,0.431459209016301,0.929543428352857,0.836,linear,heterogeneous,250
BART,0.271649662730298,0.852992217696483,0.904,linear,heterogeneous,250
BART,0.596286521453569,1.1733507134624,0.824,linear,heterogeneous,250
BART,0.220881144833437,0.872992460652805,0.84,linear,heterogeneous,250
BART,0.256528595125194,0.921771724992567,0.848,linear,heterogeneous,250
BART,0.274579505132604,0.914890596504072,0.888,linear,heterogeneous,250
BART,0.23727193222554,0.946764281332023,0.72,linear,heterogeneous,250
BART,0.367311274022466,1.24378033481088,0.732,linear,heterogeneous,250
BART,0.342593964924416,0.899665430373828,0.828,linear,heterogeneous,250
BART,0.439377823576641,0.910672572384316,0.796,linear,heterogeneous,250
BART,0.424424448612847,0.95822616445038,0.808,linear,heterogeneous,250
BART,0.29756038441669,1.15345003337912,0.816,linear,heterogeneous,250
BART,0.59479828109626,0.844018400494698,0.76,linear,heterogeneous,250
BART,0.614453614833362,1.04863623775509,0.828,linear,heterogeneous,250
BART,0.791731825960444,0.905523840509565,0.72,linear,heterogeneous,250
BART,0.405188097940809,0.896291799177184,0.82,linear,heterogeneous,250
BART,0.282576804061756,0.890171214579746,0.848,linear,heterogeneous,250
BART,0.64124646399869,0.851491794535184,0.772,linear,heterogeneous,250
BART,0.416865408650621,1.06898081289823,0.884,linear,heterogeneous,250
BART,0.297406786143362,0.559722142459833,0.934,nonlinear,homogeneous,500
BART,0.144268847989725,0.534794639840061,0.976,nonlinear,homogeneous,500
BART,0.125786541676134,0.497883524670706,1.0,nonlinear,homogeneous,500
BART,0.25398925250219,0.549622962326857,0.97,nonlinear,homogeneous,500
BART,0.192267915918931,0.513967253344558,0.988,nonlinear,homogeneous,500
BART,0.149441692717852,0.557321036643374,1.0,nonlinear,homogeneous,500
BART,0.144130399497963,0.50541227665417,1.0,nonlinear,homogeneous,500
BART,0.206120325450903,0.487827155375466,0.944,nonlinear,homogeneous,500
BART,0.447331755767343,0.504196177906321,0.914,nonlinear,homogeneous,500
BART,0.207114497243206,0.561809307340828,0.962,nonlinear,homogeneous,500
BART,0.267340879013706,0.585682270395425,0.862,nonlinear,homogeneous,500
BART,0.174634100993349,0.56388981964229,0.996,nonlinear,homogeneous,500
BART,0.136667178604667,0.536651010413201,1.0,nonlinear,homogeneous,500
BART,0.129585952715211,0.510035881616532,1.0,nonlinear,homogeneous,500
BART,0.186963714602974,0.504855286354801,0.998,nonlinear,homogeneous,500
BART,0.136822172648711,0.536034932534485,1.0,nonlinear,homogeneous,500
BART,0.143395361141669,0.547504611925942,1.0,nonlinear,homogeneous,500
BART,0.148610899395831,0.566432549129439,1.0,nonlinear,homogeneous,500
BART,0.199789149035422,0.504451274627836,1.0,nonlinear,homogeneous,500
BART,0.143480712291472,0.499391095629494,0.924,nonlinear,homogeneous,500
BART,0.156677182152166,0.570065123645735,1.0,nonlinear,homogeneous,500
BART,0.363344073121893,0.506817546360906,0.936,nonlinear,homogeneous,500
BART,0.206261773897885,0.523313268378429,0.962,nonlinear,homogeneous,500
BART,0.197339452303141,0.512907810170656,1.0,nonlinear,homogeneous,500
BART,0.131370431095906,0.48258825146966,1.0,nonlinear,homogeneous,500
BART,0.198014860999493,0.523518761721661,1.0,nonlinear,homogeneous,500
BART,0.138001896701817,0.473405767706852,1.0,nonlinear,homogeneous,500
BART,0.155764371349853,0.482038310194011,0.984,nonlinear,homogeneous,500
BART,0.182278710690562,0.472362921372582,1.0,nonlinear,homogeneous,500
BART,0.145850977219121,0.54237571448714,1.0,nonlinear,homogeneous,500
BART,0.191283611349902,0.56459170245912,1.0,nonlinear,homogeneous,500
BART,0.211583055879356,0.620467336002124,1.0,nonlinear,homogeneous,500
BART,0.187160801079911,0.462580457595417,1.0,nonlinear,homogeneous,500
BART,0.228936367455853,0.591562953011029,1.0,nonlinear,homogeneous,500
BART,0.257871942396187,0.523558664692569,0.996,nonlinear,homogeneous,500
BART,0.144005824951142,0.470845227576753,1.0,nonlinear,homogeneous,500
BART,0.201500094378758,0.4939811001461,1.0,nonlinear,homogeneous,500
BART,0.282667214352806,0.517357244697147,0.978,nonlinear,homogeneous,500
BART,0.136091224072354,0.510179894534557,1.0,nonlinear,homogeneous,500
BART,0.189495408870454,0.532523207848766,0.984,nonlinear,homogeneous,500
BART,0.15533183067163,0.551619398021581,1.0,nonlinear,homogeneous,500
BART,0.14603917567648,0.506345849022569,0.99,nonlinear,homogeneous,500
BART,0.12686631010934,0.477386520317659,0.966,nonlinear,homogeneous,500
BART,0.153213241293502,0.559119577470224,1.0,nonlinear,homogeneous,500
BART,0.145016009337539,0.538838129757577,1.0,nonlinear,homogeneous,500
BART,0.122279751758746,0.463260461407532,1.0,nonlinear,homogeneous,500
BART,0.188662749432258,0.541270143709712,0.994,nonlinear,homogeneous,500
BART,0.139465521065792,0.516259907833516,1.0,nonlinear,homogeneous,500
BART,0.142644148097574,0.527197027534319,1.0,nonlinear,homogeneous,500
BART,0.148691362781204,0.46872803533553,0.966,nonlinear,homogeneous,500
BART,0.19660990718317,0.61282377439196,0.822,linear,homogeneous,500
BART,0.295900677553793,0.506967249514564,0.998,linear,homogeneous,500
BART,0.1285405377605,0.515555965356175,0.998,linear,homogeneous,500
BART,0.144724616430255,0.528803065386635,1.0,linear,homogeneous,500
BART,0.203213280147271,0.595329737061023,0.958,linear,homogeneous,500
BART,0.234232810954091,0.589099485829536,1.0,linear,homogeneous,500
BART,0.281589903451456,0.498892262611391,1.0,linear,homogeneous,500
BART,0.167762294281948,0.56571518052583,0.982,linear,homogeneous,500
BART,0.181203596512992,0.492881565983143,0.972,linear,homogeneous,500
BART,0.206216570976851,0.609229869304641,1.0,linear,homogeneous,500
BART,0.16320876503211,0.582062975180941,0.994,linear,homogeneous,500
BART,0.231611760460804,0.564862410085329,0.978,linear,homogeneous,500
BART,0.166609695259575,0.562293329285721,1.0,linear,homogeneous,500
BART,0.253880587341523,0.547478247197031,0.972,linear,homogeneous,500
BART,0.229708729404458,0.576642038050058,0.994,linear,homogeneous,500
BART,0.186009758842136,0.536224694616601,0.996,linear,homogeneous,500
BART,0.187267335124486,0.562339614545029,0.98,linear,homogeneous,500
BART,0.204516515483613,0.51476743669107,0.998,linear,homogeneous,500
BART,0.126494505772053,0.4896041939349,0.996,linear,homogeneous,500
BART,0.169085657040627,0.498470779205264,1.0,linear,homogeneous,500
BART,0.248450069091126,0.581595667473612,0.994,linear,homogeneous,500
BART,0.380617806223054,0.494608985323322,0.856,linear,homogeneous,500
BART,0.18655448080707,0.509407649269761,1.0,linear,homogeneous,500
BART,0.204086460433028,0.545741298837376,1.0,linear,homogeneous,500
BART,0.313216030379055,0.515978400647043,0.982,linear,homogeneous,500
BART,0.159693799589606,0.563667857732935,0.998,linear,homogeneous,500
BART,0.152208553660859,0.524495231423928,0.994,linear,homogeneous,500
BART,0.168246183483359,0.535317272854519,0.972,linear,homogeneous,500
BART,0.152801910073287,0.453666243912962,0.958,linear,homogeneous,500
BART,0.215508230822799,0.545764051012338,0.964,linear,homogeneous,500
BART,0.19404973426336,0.602225861248049,1.0,linear,homogeneous,500
BART,0.232813877387658,0.544077464823039,0.976,linear,homogeneous,500
BART,0.149477987309211,0.485589175843557,0.984,linear,homogeneous,500
BART,0.204076375987067,0.588657483306649,0.998,linear,homogeneous,500
BART,0.239055699273116,0.55310950223796,0.996,linear,homogeneous,500
BART,0.31250060836068,0.50727762449572,0.908,linear,homogeneous,500
BART,0.162874598863469,0.495543282072371,1.0,linear,homogeneous,500
BART,0.168338580914566,0.556661883824799,0.942,linear,homogeneous,500
BART,0.194186770467529,0.503860513005308,0.996,linear,homogeneous,500
BART,0.134604177004068,0.516113354897377,1.0,linear,homogeneous,500
BART,0.148308173763192,0.579592984186694,1.0,linear,homogeneous,500
BART,0.146433237555583,0.480113150836581,1.0,linear,homogeneous,500
BART,0.163026160322735,0.539619971696315,0.938,linear,homogeneous,500
BART,0.174894846336368,0.515211958136255,1.0,linear,homogeneous,500
BART,0.256741513690348,0.521179036482444,0.984,linear,homogeneous,500
BART,0.198323275607848,0.53020113249439,1.0,linear,homogeneous,500
BART,0.211225656689401,0.526591550052926,0.972,linear,homogeneous,500
BART,0.386502259837779,0.531504688765583,0.904,linear,homogeneous,500
BART,0.482391616221176,0.55812544779037,0.918,linear,homogeneous,500
BART,0.134307797964313,0.492386374383927,1.0,linear,homogeneous,500
BART,0.206006714369815,0.618846053053421,0.898,nonlinear,heterogeneous,500
BART,0.19282409332631,0.546996681748375,0.924,nonlinear,heterogeneous,500
BART,0.13670261826489,0.525631035013418,0.962,nonlinear,heterogeneous,500
BART,0.208758459055887,0.562713772465487,0.904,nonlinear,heterogeneous,500
BART,0.15585552731902,0.551472379095533,0.876,nonlinear,heterogeneous,500
BART,0.177054664155835,0.662813314567747,0.87,nonlinear,heterogeneous,500
BART,0.197539211382691,0.590805401671895,0.912,nonlinear,heterogeneous,500
BART,0.215182044925462,0.519929558174428,0.9,nonlinear,heterogeneous,500
BART,0.466871471449202,0.545714302030174,0.778,nonlinear,heterogeneous,500
BART,0.197407920194149,0.665707582219789,0.916,nonlinear,heterogeneous,500
BART,0.219896750704092,0.546735356299462,0.872,nonlinear,heterogeneous,500
BART,0.203529015870743,0.637249228346336,0.928,nonlinear,heterogeneous,500
BART,0.157484244513969,0.565905283408395,0.924,nonlinear,heterogeneous,500
BART,0.140214144242528,0.523794320931786,0.942,nonlinear,heterogeneous,500
BART,0.277008492685435,0.585379967635579,0.864,nonlinear,heterogeneous,500
BART,0.145987009438672,0.554226416997399,0.932,nonlinear,heterogeneous,500
BART,0.168626942729181,0.601662451482782,0.942,nonlinear,heterogeneous,500
BART,0.169302075010147,0.609860627421401,0.94,nonlinear,heterogeneous,500
BART,0.233063514340706,0.542934834372607,0.88,nonlinear,heterogeneous,500
BART,0.14907892326684,0.518198372161134,0.85,nonlinear,heterogeneous,500
BART,0.176215630063996,0.634010761919056,0.97,nonlinear,heterogeneous,500
BART,0.397009299701959,0.506051387180729,0.878,nonlinear,heterogeneous,500
BART,0.165902989298925,0.503151232111225,0.882,nonlinear,heterogeneous,500
BART,0.19984853255644,0.557904589054098,0.896,nonlinear,heterogeneous,500
BART,0.183375267313248,0.54754953645345,0.904,nonlinear,heterogeneous,500
BART,0.228860161931747,0.574254038025621,0.954,nonlinear,heterogeneous,500
BART,0.186026433170977,0.544735384672519,0.916,nonlinear,heterogeneous,500
BART,0.174559765248601,0.556202681616644,0.922,nonlinear,heterogeneous,500
BART,0.234052517838061,0.483689227086258,0.884,nonlinear,heterogeneous,500
BART,0.16907045319818,0.590953291964071,0.958,nonlinear,heterogeneous,500
BART,0.15847116015486,0.61627032789013,0.882,nonlinear,heterogeneous,500
BART,0.223503587455165,0.622779900914831,0.918,nonlinear,heterogeneous,500
BART,0.176404928375158,0.462426809925741,0.964,nonlinear,heterogeneous,500
BART,0.210134913153763,0.586014304971376,0.91,nonlinear,heterogeneous,500
BART,0.31939058094865,0.593569515359418,0.876,nonlinear,heterogeneous,500
BART,0.17537181987716,0.540751708019939,0.924,nonlinear,heterogeneous,500
BART,0.184636448842346,0.536224688999761,0.898,nonlinear,heterogeneous,500
BART,0.395226235676472,0.524529002841252,0.866,nonlinear,heterogeneous,500
BART,0.189594139875706,0.527791144381902,0.91,nonlinear,heterogeneous,500
BART,0.229811110369601,0.54306461996201,0.954,nonlinear,heterogeneous,500
BART,0.139801009172774,0.533385959165671,0.904,nonlinear,heterogeneous,500
BART,0.216162310281992,0.553075317607098,0.95,nonlinear,heterogeneous,500
BART,0.15930364072365,0.542722979033488,0.888,nonlinear,heterogeneous,500
BART,0.154188379691048,0.596983745161135,0.934,nonlinear,heterogeneous,500
BART,0.210090874398653,0.554204577752748,0.916,nonlinear,heterogeneous,500
BART,0.163777595613395,0.585689156522028,0.91,nonlinear,heterogeneous,500
BART,0.212340846098468,0.542154244479974,0.95,nonlinear,heterogeneous,500
BART,0.200157454883025,0.590969990013181,0.946,nonlinear,heterogeneous,500
BART,0.173905626890239,0.600739788366857,0.904,nonlinear,heterogeneous,500
BART,0.155186641910183,0.460446450321403,0.862,nonlinear,heterogeneous,500
BART,0.301228388070818,0.743078700879546,0.722,linear,heterogeneous,500
BART,0.260221471869207,0.564140725576137,0.856,linear,heterogeneous,500
BART,0.176867288561657,0.609040193770739,0.87,linear,heterogeneous,500
BART,0.175797650279036,0.563787145047275,0.884,linear,heterogeneous,500
BART,0.171333160769374,0.676620926839836,0.85,linear,heterogeneous,500
BART,0.189084762481087,0.592649541558029,0.798,linear,heterogeneous,500
BART,0.211599592497429,0.53265845333717,0.886,linear,heterogeneous,500
BART,0.212621497982225,0.614109229205522,0.882,linear,heterogeneous,500
BART,0.244051792967087,0.625703249034295,0.904,linear,heterogeneous,500
BART,0.211489176624778,0.704998938837363,0.894,linear,heterogeneous,500
BART,0.31041004323321,0.628507233122463,0.824,linear,heterogeneous,500
BART,0.344017594903637,0.582352996414462,0.816,linear,heterogeneous,500
BART,0.216924550119869,0.60263626384413,0.884,linear,heterogeneous,500
BART,0.207093321386535,0.605541595807559,0.858,linear,heterogeneous,500
BART,0.423701785635087,0.60452418687335,0.792,linear,heterogeneous,500
BART,0.177997076765951,0.614378917440696,0.83,linear,heterogeneous,500
BART,0.224954937064335,0.64949163149883,0.848,linear,heterogeneous,500
BART,0.346619004506415,0.574356582963916,0.844,linear,heterogeneous,500
BART,0.164826197528118,0.586187218735483,0.89,linear,heterogeneous,500
BART,0.212632688209554,0.545741972537115,0.812,linear,heterogeneous,500
BART,0.432951772454152,0.652935104174002,0.83,linear,heterogeneous,500
BART,0.435799400823821,0.517173833984016,0.898,linear,heterogeneous,500
BART,0.155884016724107,0.603278119028938,0.92,linear,heterogeneous,500
BART,0.223185301797993,0.574449333671263,0.944,linear,heterogeneous,500
BART,0.172928410274016,0.600447763567986,0.852,linear,heterogeneous,500
BART,0.182306599538553,0.608105744511755,0.868,linear,heterogeneous,500
BART,0.142344841206663,0.522548232104123,0.906,linear,heterogeneous,500
BART,0.238928588775971,0.597317569483887,0.812,linear,heterogeneous,500
BART,0.369972509202849,0.559563945716394,0.86,linear,heterogeneous,500
BART,0.15701526581203,0.554928888361765,0.904,linear,heterogeneous,500
BART,0.367079893586147,0.615753380610649,0.84,linear,heterogeneous,500
BART,0.221340150449547,0.599321184596439,0.806,linear,heterogeneous,500
BART,0.175318329161701,0.546597281641526,0.968,linear,heterogeneous,500
BART,0.250984464574788,0.640205764657139,0.848,linear,heterogeneous,500
BART,0.226341435709453,0.542581064146325,0.798,linear,heterogeneous,500
BART,0.26828127336565,0.513471846311568,0.842,linear,heterogeneous,500
BART,0.141361249551795,0.570282566870684,0.918,linear,heterogeneous,500
BART,0.163835763095988,0.660546614140231,0.866,linear,heterogeneous,500
BART,0.194969817407082,0.553464253089428,0.896,linear,heterogeneous,500
BART,0.165333428889425,0.598246089538486,0.88,linear,heterogeneous,500
BART,0.252423393544352,0.643016030162676,0.84,linear,heterogeneous,500
BART,0.227953774016418,0.537808725326267,0.906,linear,heterogeneous,500
BART,0.24923833052737,0.578446820549623,0.912,linear,heterogeneous,500
BART,0.183637406676397,0.595425198965348,0.91,linear,heterogeneous,500
BART,0.214841717448304,0.597435027556058,0.926,linear,heterogeneous,500
BART,0.267531384866348,0.59412888071634,0.878,linear,heterogeneous,500
BART,0.25063997457939,0.635653628573365,0.886,linear,heterogeneous,500
BART,0.337014347886014,0.648106631928397,0.812,linear,heterogeneous,500
BART,0.425576643681611,0.637029068907519,0.876,linear,heterogeneous,500
BART,0.152657596411097,0.59270141691464,0.84,linear,heterogeneous,500
