,Model,sample_size,effect_type,mu_type,rmse,coverage,interval_length
0,BCF,250,homogeneous,linear,0.0333470973497891,1.0,0.549086148481672
1,BCF,250,homogeneous,linear,0.0961554722048801,1.0,0.706562037476342
2,BCF,250,homogeneous,linear,0.0083678802325062,1.0,0.515924153880024
3,BCF,250,homogeneous,linear,0.0330756971917934,1.0,0.713728511228487
4,BCF,250,homogeneous,linear,0.247221199942973,0.872,0.882356157467155
5,BCF,250,homogeneous,linear,0.0464711863705571,0.992,0.506017759716269
6,BCF,250,homogeneous,linear,0.0281949536885566,1.0,0.616178060044959
7,BCF,250,homogeneous,linear,0.112674140593481,0.972,0.730908525391257
8,BCF,250,homogeneous,linear,0.142685542459927,0.988,0.712311557470576
9,BCF,250,homogeneous,linear,0.0198867995596683,1.0,0.538950839561129
10,BCF,250,homogeneous,linear,0.11593495602422,0.98,0.69441412046354
11,BCF,250,homogeneous,linear,0.0415763800451372,0.976,0.590536612450533
12,BCF,250,homogeneous,linear,0.0214060848131652,1.0,0.774459404206941
13,BCF,250,homogeneous,linear,0.0147487139245004,1.0,0.504583756544199
14,BCF,250,homogeneous,linear,0.178782305133367,0.936,0.672570733725229
15,BCF,250,homogeneous,linear,0.08122846787326,0.992,0.745817283673707
16,BCF,250,homogeneous,linear,0.0239527795567533,1.0,0.77087316931012
17,BCF,250,homogeneous,linear,0.0404430860244727,0.98,0.53040425236344
18,BCF,250,homogeneous,linear,0.0296823500931027,1.0,0.601230834535486
19,BCF,250,homogeneous,linear,0.087038204875082,0.964,0.614250840860906
20,BCF,250,heterogeneous,linear,0.162492938140166,0.948,1.62096334325005
21,BCF,250,heterogeneous,linear,0.0621202071251434,0.94,1.36614135283227
22,BCF,250,heterogeneous,linear,0.0617940756020623,0.872,1.29728211451732
23,BCF,250,heterogeneous,linear,0.0039497337987897,0.98,1.05493965584067
24,BCF,250,heterogeneous,linear,0.110240775429673,0.888,1.76445451069741
25,BCF,250,heterogeneous,linear,0.0475733842316786,0.98,1.4676696027156
26,BCF,250,heterogeneous,linear,0.0260041570339815,0.912,1.1715724009996
27,BCF,250,heterogeneous,linear,0.13228476454142,0.94,1.34022195581457
28,BCF,250,heterogeneous,linear,0.175511632378491,0.944,1.47965442036827
29,BCF,250,heterogeneous,linear,0.0740991999429877,0.976,1.3821914020376
30,BCF,250,heterogeneous,linear,0.179908204376156,0.928,1.38311620721578
31,BCF,250,heterogeneous,linear,0.259451321798281,0.916,1.51961054743542
32,BCF,250,heterogeneous,linear,0.0289909836889723,0.944,1.32493138784454
33,BCF,250,heterogeneous,linear,0.0338806814912156,0.98,1.40537336339437
34,BCF,250,heterogeneous,linear,0.0235839956258479,0.932,1.67715442463954
35,BCF,250,heterogeneous,linear,0.0410024501537194,0.944,1.50986535977167
36,BCF,250,heterogeneous,linear,0.0188581015367173,0.964,1.22609623896115
37,BCF,250,heterogeneous,linear,0.0156530140743342,0.932,1.23618091161837
38,BCF,250,heterogeneous,linear,0.1008411325627,0.92,1.47912821386387
39,BCF,250,heterogeneous,linear,0.11023852025472,0.988,1.34833203241399
40,BCF,250,homogeneous,nonlinear,0.0960794513400929,0.98,0.722361274626763
41,BCF,250,homogeneous,nonlinear,0.007048052192391,1.0,0.748252571793213
42,BCF,250,homogeneous,nonlinear,0.2476033216997,0.956,1.13306602196326
43,BCF,250,homogeneous,nonlinear,0.04853419183832,1.0,0.881193683697963
44,BCF,250,homogeneous,nonlinear,0.0725025409565778,0.976,0.816799892985185
45,BCF,250,homogeneous,nonlinear,0.079603874371581,1.0,0.88238500458271
46,BCF,250,homogeneous,nonlinear,0.0128134719924984,1.0,0.70585629582019
47,BCF,250,homogeneous,nonlinear,0.0628221602296475,1.0,0.904793258697156
48,BCF,250,homogeneous,nonlinear,0.0129662863520266,1.0,0.603743255454786
49,BCF,250,homogeneous,nonlinear,0.0834104822181052,0.968,0.669085663396535
50,BCF,250,homogeneous,nonlinear,0.17928864545963,1.0,1.04278470940449
51,BCF,250,homogeneous,nonlinear,0.175973413688245,0.98,0.923238278716922
52,BCF,250,homogeneous,nonlinear,0.126728470683585,0.98,0.800065802185226
53,BCF,250,homogeneous,nonlinear,0.0258620059660526,0.98,0.696085800181279
54,BCF,250,homogeneous,nonlinear,0.226023464093836,0.98,0.941292700664225
55,BCF,250,homogeneous,nonlinear,0.0819393387572922,0.98,0.634005627156722
56,BCF,250,homogeneous,nonlinear,0.257743575235557,0.928,0.813125517442847
57,BCF,250,homogeneous,nonlinear,0.125120765404029,1.0,0.887327484941312
58,BCF,250,homogeneous,nonlinear,0.0549561159593526,1.0,0.755799439313272
59,BCF,250,homogeneous,nonlinear,0.0302131336079459,1.0,0.578568750895142
60,BCF,250,heterogeneous,nonlinear,0.0206474849382234,0.956,1.69838727119545
61,BCF,250,heterogeneous,nonlinear,0.0717331665661981,0.968,1.51442489859651
62,BCF,250,heterogeneous,nonlinear,0.0839358413263702,0.956,1.85696950376853
63,BCF,250,heterogeneous,nonlinear,0.217548179744024,0.92,1.73084597947994
64,BCF,250,heterogeneous,nonlinear,0.10483549677802,0.952,1.56457728249875
65,BCF,250,heterogeneous,nonlinear,0.0012872539505595,0.972,1.80711760782305
66,BCF,250,heterogeneous,nonlinear,0.144008207868188,0.948,1.83524403509839
67,BCF,250,heterogeneous,nonlinear,0.128321385785925,0.936,1.71461358676268
68,BCF,250,heterogeneous,nonlinear,0.169209119484364,0.944,1.55850714110087
69,BCF,250,heterogeneous,nonlinear,0.204460143423665,0.932,1.60065969607926
70,BCF,250,heterogeneous,nonlinear,0.0077324865781172,0.952,1.3344484164532
71,BCF,250,heterogeneous,nonlinear,0.251122485591035,0.916,1.86419465988624
72,BCF,250,heterogeneous,nonlinear,0.0474886678658378,0.984,1.41438704432776
73,BCF,250,heterogeneous,nonlinear,0.0837865451151696,0.936,1.55187663008847
74,BCF,250,heterogeneous,nonlinear,0.0001133704525961,0.96,1.30553031020995
75,BCF,250,heterogeneous,nonlinear,0.120824382963107,0.96,1.70000785305725
76,BCF,250,heterogeneous,nonlinear,0.0295612574326485,0.968,1.50649772100168
77,BCF,250,heterogeneous,nonlinear,0.114193205997807,0.944,1.60832383324595
78,BCF,250,heterogeneous,nonlinear,0.317394512202868,0.936,1.89950919021943
79,BCF,250,heterogeneous,nonlinear,0.101627473791478,0.912,1.62023906645772
80,BCF,500,homogeneous,linear,0.0308415395117727,0.998,0.281452801018164
81,BCF,500,homogeneous,linear,0.0773488949250987,0.964,0.300111865557361
82,BCF,500,homogeneous,linear,0.05614500048986,1.0,0.314821723701284
83,BCF,500,homogeneous,linear,0.0003325890679968,1.0,0.305169392403119
84,BCF,500,homogeneous,linear,0.0014548529588736,1.0,0.3293812791755
85,BCF,500,homogeneous,linear,0.0696512743408935,0.986,0.307073483685456
86,BCF,500,homogeneous,linear,0.0250779742720297,1.0,0.342137570285103
87,BCF,500,homogeneous,linear,0.0326362370736839,1.0,0.308500033132403
88,BCF,500,homogeneous,linear,0.0495950013337287,0.984,0.403815869515079
89,BCF,500,homogeneous,linear,0.0283591212887844,1.0,0.310017152829483
90,BCF,500,homogeneous,linear,0.0396501910437235,0.998,0.305239407314149
91,BCF,500,homogeneous,linear,0.0202311521651093,0.984,0.396825118567113
92,BCF,500,homogeneous,linear,0.0264998328299426,0.986,0.347905265972213
93,BCF,500,homogeneous,linear,0.0240293567961354,0.998,0.324474794263005
94,BCF,500,homogeneous,linear,0.0601835458939943,0.974,0.363315549949575
95,BCF,500,homogeneous,linear,0.0354134262516039,0.958,0.367752888527748
96,BCF,500,homogeneous,linear,0.0415544684534952,1.0,0.378217589311712
97,BCF,500,homogeneous,linear,0.0322226781893158,0.984,0.300755591926584
98,BCF,500,homogeneous,linear,0.0193495961785164,1.0,0.321716428654813
99,BCF,500,homogeneous,linear,0.0505526093341846,0.984,0.343983352757505
100,BCF,500,heterogeneous,linear,0.105674271732475,0.952,0.860167128813276
101,BCF,500,heterogeneous,linear,0.0680435422325989,0.966,0.74940022091543
102,BCF,500,heterogeneous,linear,0.047083893299837,0.974,0.823963939002004
103,BCF,500,heterogeneous,linear,0.0617202580257605,0.972,0.882239553730085
104,BCF,500,heterogeneous,linear,0.0235438359322054,0.932,0.853016735066038
105,BCF,500,heterogeneous,linear,0.102049409428359,0.946,0.972938692461393
106,BCF,500,heterogeneous,linear,0.0350590674815519,0.968,0.81434605817302
107,BCF,500,heterogeneous,linear,0.0223974293384628,0.96,0.834690886970229
108,BCF,500,heterogeneous,linear,0.109746916078119,0.936,0.899723037996842
109,BCF,500,heterogeneous,linear,0.0649872360824661,0.958,0.739779069523059
110,BCF,500,heterogeneous,linear,0.0199165068833211,0.97,0.853382057437732
111,BCF,500,heterogeneous,linear,0.0506906294465721,0.976,0.88595521862589
112,BCF,500,heterogeneous,linear,0.0700027201069493,0.946,0.780456229335486
113,BCF,500,heterogeneous,linear,0.0076842138802226,0.984,0.874737569869797
114,BCF,500,heterogeneous,linear,0.0311955675769753,0.974,0.725859797981473
115,BCF,500,heterogeneous,linear,0.0438621785335176,0.974,0.774001759321384
116,BCF,500,heterogeneous,linear,0.0408019925056111,0.962,0.847486651617139
117,BCF,500,heterogeneous,linear,0.050779714803362,0.972,0.717645969292788
118,BCF,500,heterogeneous,linear,0.112215201103979,0.938,0.88204836835266
119,BCF,500,heterogeneous,linear,0.0092672454898301,0.966,0.840360581075066
120,BCF,500,homogeneous,nonlinear,0.0210015037399485,1.0,0.367339900682036
121,BCF,500,homogeneous,nonlinear,0.0124683005355641,1.0,0.313312940800724
122,BCF,500,homogeneous,nonlinear,0.0834625525986237,1.0,0.432004359376418
123,BCF,500,homogeneous,nonlinear,0.0001228494090166,1.0,0.346811745279348
124,BCF,500,homogeneous,nonlinear,0.0455932488293871,1.0,0.361119626206442
125,BCF,500,homogeneous,nonlinear,0.0408878375853936,1.0,0.414137761115429
126,BCF,500,homogeneous,nonlinear,0.0374987761718528,1.0,0.365982731485637
127,BCF,500,homogeneous,nonlinear,0.0411131672911407,1.0,0.315942346496226
128,BCF,500,homogeneous,nonlinear,0.0303134268061758,0.996,0.367174463752057
129,BCF,500,homogeneous,nonlinear,0.0850339736057526,0.988,0.341937844025288
130,BCF,500,homogeneous,nonlinear,0.0678457942216806,0.99,0.331982655908973
131,BCF,500,homogeneous,nonlinear,0.0434271428546298,1.0,0.441409962082517
132,BCF,500,homogeneous,nonlinear,0.0185900230765039,1.0,0.346428276801657
133,BCF,500,homogeneous,nonlinear,0.0154649791620982,1.0,0.301168938462052
134,BCF,500,homogeneous,nonlinear,0.0192750227322751,1.0,0.424991885304757
135,BCF,500,homogeneous,nonlinear,0.0806536378731852,0.998,0.453102282677726
136,BCF,500,homogeneous,nonlinear,0.014499887360969,1.0,0.334355190163659
137,BCF,500,homogeneous,nonlinear,0.0460046385863278,1.0,0.353884998349016
138,BCF,500,homogeneous,nonlinear,0.0736377698641424,0.99,0.395399720791838
139,BCF,500,homogeneous,nonlinear,0.0002544741751822,1.0,0.310655216444664
140,BCF,500,heterogeneous,nonlinear,0.0299320992172215,0.97,0.870805956255648
141,BCF,500,heterogeneous,nonlinear,0.0280053561788389,0.972,0.888843613892453
142,BCF,500,heterogeneous,nonlinear,0.0578333022227497,0.982,1.02620106792582
143,BCF,500,heterogeneous,nonlinear,0.0399960679728852,0.964,0.861459406852591
144,BCF,500,heterogeneous,nonlinear,0.0489895792667703,0.976,0.82353256559462
145,BCF,500,heterogeneous,nonlinear,0.0047946323484253,0.996,0.981194991540828
146,BCF,500,heterogeneous,nonlinear,0.0410779004414166,0.986,0.975654766995783
147,BCF,500,heterogeneous,nonlinear,0.157041199575831,0.948,1.03230070129243
148,BCF,500,heterogeneous,nonlinear,0.0274356413854786,0.996,0.926418697911855
149,BCF,500,heterogeneous,nonlinear,0.0321647371509874,0.964,0.9332353460608
150,BCF,500,heterogeneous,nonlinear,0.129616113665265,0.972,1.03302298728841
151,BCF,500,heterogeneous,nonlinear,0.0196724609073282,0.984,0.911987872826841
152,BCF,500,heterogeneous,nonlinear,0.0411141562977491,0.91,0.845274642110112
153,BCF,500,heterogeneous,nonlinear,0.0448838735066717,0.952,0.946877052789936
154,BCF,500,heterogeneous,nonlinear,0.0437395801531311,0.964,0.882189402853683
155,BCF,500,heterogeneous,nonlinear,0.0220749478475857,0.976,0.956649167679055
156,BCF,500,heterogeneous,nonlinear,0.0327527419612994,0.96,1.02848072745031
157,BCF,500,heterogeneous,nonlinear,0.0119426340759126,0.98,1.01375133316705
158,BCF,500,heterogeneous,nonlinear,0.0897606704559936,0.97,1.00410483336112
159,BCF,500,heterogeneous,nonlinear,0.0004076725147073,0.97,0.805854863640015
0,BART,250,homogeneous,nonlinear,0.236859136657851,1.0,0.885417396169451
1,BART,250,homogeneous,nonlinear,0.206056900258707,1.0,0.786922859362146
2,BART,250,homogeneous,nonlinear,0.225724248729933,1.0,0.825674782540013
3,BART,250,homogeneous,nonlinear,0.204039166276158,1.0,0.798500995660506
4,BART,250,homogeneous,nonlinear,0.212067678061335,1.0,0.820005887347881
5,BART,250,homogeneous,nonlinear,0.316420172546544,1.0,0.85443189249067
6,BART,250,homogeneous,nonlinear,0.263313503711937,1.0,0.892997503091436
7,BART,250,homogeneous,nonlinear,0.20399205381073,1.0,0.786803623194921
8,BART,250,homogeneous,nonlinear,0.231085743312283,1.0,0.786275647326787
9,BART,250,homogeneous,nonlinear,0.219161358375079,1.0,0.83909076582638
10,BART,250,homogeneous,nonlinear,0.262091148321295,1.0,0.850140702006622
11,BART,250,homogeneous,nonlinear,0.26424705889316,1.0,0.862171402101341
12,BART,250,homogeneous,nonlinear,0.22975345053332,1.0,0.785397482312058
13,BART,250,homogeneous,nonlinear,0.236557835551421,1.0,0.853627020675383
14,BART,250,homogeneous,nonlinear,0.220688395852293,1.0,0.773473471450774
15,BART,250,homogeneous,nonlinear,0.24336433425907,1.0,0.830400100853966
16,BART,250,homogeneous,nonlinear,0.223669006188585,1.0,0.814218842669806
17,BART,250,homogeneous,nonlinear,0.226694277310374,1.0,0.836678978467402
18,BART,250,homogeneous,nonlinear,0.240622507761254,1.0,0.792837037857112
19,BART,250,homogeneous,nonlinear,0.245564674765291,1.0,0.865945535466645
20,BART,250,homogeneous,linear,0.211244361856495,1.0,0.676140917002586
21,BART,250,homogeneous,linear,0.214358753469588,1.0,0.675718312836567
22,BART,250,homogeneous,linear,0.21278715022075,1.0,0.651595088319957
23,BART,250,homogeneous,linear,0.207663155127788,1.0,0.656928938927989
24,BART,250,homogeneous,linear,0.211895863335635,1.0,0.686765108859482
25,BART,250,homogeneous,linear,0.230603982283819,1.0,0.67232003302625
26,BART,250,homogeneous,linear,0.216529554410396,1.0,0.658915949748206
27,BART,250,homogeneous,linear,0.203467147832031,1.0,0.679550377182486
28,BART,250,homogeneous,linear,0.221448331558348,1.0,0.652221747415722
29,BART,250,homogeneous,linear,0.214100301584753,1.0,0.680186416901103
30,BART,250,homogeneous,linear,0.211683720949806,1.0,0.672751089076742
31,BART,250,homogeneous,linear,0.208999659466509,1.0,0.682533211523521
32,BART,250,homogeneous,linear,0.231204921628557,1.0,0.667938382404044
33,BART,250,homogeneous,linear,0.219880892741651,1.0,0.690385415926027
34,BART,250,homogeneous,linear,0.217528646775108,1.0,0.681483253992155
35,BART,250,homogeneous,linear,0.211037920061908,1.0,0.67469717356724
36,BART,250,homogeneous,linear,0.219798060126961,1.0,0.677918299236536
37,BART,250,homogeneous,linear,0.227863640831604,1.0,0.690404915251989
38,BART,250,homogeneous,linear,0.214789562286612,1.0,0.672730768693548
39,BART,250,homogeneous,linear,0.212322785743406,1.0,0.66050919313395
40,BART,250,heterogeneous,nonlinear,0.266329666472546,0.94,0.984617942053175
41,BART,250,heterogeneous,nonlinear,0.279255224756564,0.932,1.01624105007367
42,BART,250,heterogeneous,nonlinear,0.247741321748299,0.928,0.866509223663531
43,BART,250,heterogeneous,nonlinear,0.272899118726785,0.932,0.998287962886642
44,BART,250,heterogeneous,nonlinear,0.279817648697576,0.956,0.969855941839571
45,BART,250,heterogeneous,nonlinear,0.35355048135596,0.936,1.03883032466532
46,BART,250,heterogeneous,nonlinear,0.257211840121142,0.916,0.987359907529658
47,BART,250,heterogeneous,nonlinear,0.359069607453328,0.94,1.17236500669427
48,BART,250,heterogeneous,nonlinear,0.268210847660072,0.956,1.02319979307422
49,BART,250,heterogeneous,nonlinear,0.291023085554779,0.952,1.05482369940432
50,BART,250,heterogeneous,nonlinear,0.279093837728303,0.94,0.987349090991281
51,BART,250,heterogeneous,nonlinear,0.296688540756641,0.936,1.08614166148959
52,BART,250,heterogeneous,nonlinear,0.281509947157559,0.948,1.07171970047554
53,BART,250,heterogeneous,nonlinear,0.335077349514833,0.936,0.929158838782935
54,BART,250,heterogeneous,nonlinear,0.305362731654166,0.94,0.904120508904886
55,BART,250,heterogeneous,nonlinear,0.282923628798306,0.94,1.01902459637672
56,BART,250,heterogeneous,nonlinear,0.287121780526642,0.932,1.04573290636689
57,BART,250,heterogeneous,nonlinear,0.319036280752676,0.928,0.954282097735958
58,BART,250,heterogeneous,nonlinear,0.307356887024486,0.924,0.98739140797633
59,BART,250,heterogeneous,nonlinear,0.300058105006516,0.94,1.0962371877277
60,BART,250,heterogeneous,linear,0.232665691504199,0.932,0.88409379347703
61,BART,250,heterogeneous,linear,0.233247991663091,0.94,0.900199980922509
62,BART,250,heterogeneous,linear,0.234934730185709,0.94,0.900811943985887
63,BART,250,heterogeneous,linear,0.236864131677241,0.912,0.904714928502121
64,BART,250,heterogeneous,linear,0.223589539112815,0.92,0.866800980076514
65,BART,250,heterogeneous,linear,0.249139982046684,0.936,0.875736636061721
66,BART,250,heterogeneous,linear,0.229046996717376,0.928,0.859874306206096
67,BART,250,heterogeneous,linear,0.223411615728074,0.936,0.819793256729079
68,BART,250,heterogeneous,linear,0.210805828647849,0.932,0.824529967358625
69,BART,250,heterogeneous,linear,0.236426453912838,0.928,0.834284476729288
70,BART,250,heterogeneous,linear,0.227835853562447,0.932,0.849663683234534
71,BART,250,heterogeneous,linear,0.210891243379605,0.932,0.813863372308711
72,BART,250,heterogeneous,linear,0.249774543362013,0.94,0.869063552407689
73,BART,250,heterogeneous,linear,0.231424563302635,0.936,0.893214223989408
74,BART,250,heterogeneous,linear,0.240323838934673,0.928,0.872081255823301
75,BART,250,heterogeneous,linear,0.23127831363503,0.924,0.850499305455672
76,BART,250,heterogeneous,linear,0.23356272130395,0.932,0.863649958263667
77,BART,250,heterogeneous,linear,0.230096539925613,0.94,0.873555245925194
78,BART,250,heterogeneous,linear,0.236275085574412,0.948,0.859058224531355
79,BART,250,heterogeneous,linear,0.223577155296423,0.924,0.810347997167619
80,BART,500,homogeneous,nonlinear,0.265242075373281,0.998,0.57877471863266
81,BART,500,homogeneous,nonlinear,0.249441095206239,1.0,0.572369046623817
82,BART,500,homogeneous,nonlinear,0.255710916598573,1.0,0.588961702932348
83,BART,500,homogeneous,nonlinear,0.252096273407398,1.0,0.568382014205678
84,BART,500,homogeneous,nonlinear,0.251120130870416,1.0,0.571370673520739
85,BART,500,homogeneous,nonlinear,0.240919401605604,1.0,0.586531610821046
86,BART,500,homogeneous,nonlinear,0.25660005290487,1.0,0.547968573463177
87,BART,500,homogeneous,nonlinear,0.23226280336295,1.0,0.589288304994535
88,BART,500,homogeneous,nonlinear,0.254856256710321,1.0,0.574286150437812
89,BART,500,homogeneous,nonlinear,0.251113949462909,1.0,0.561889413363518
90,BART,500,homogeneous,nonlinear,0.252799989837735,1.0,0.579433883061507
91,BART,500,homogeneous,nonlinear,0.256015843850596,1.0,0.595243082278399
92,BART,500,homogeneous,nonlinear,0.235671850306451,1.0,0.555646704279209
93,BART,500,homogeneous,nonlinear,0.254865134652977,1.0,0.572812053569536
94,BART,500,homogeneous,nonlinear,0.246588355903436,1.0,0.574826341215471
95,BART,500,homogeneous,nonlinear,0.251359327664422,1.0,0.588090434139427
96,BART,500,homogeneous,nonlinear,0.255092730180777,1.0,0.58205879973488
97,BART,500,homogeneous,nonlinear,0.254520950914528,1.0,0.575728445810156
98,BART,500,homogeneous,nonlinear,0.254201450303325,1.0,0.576520859655226
99,BART,500,homogeneous,nonlinear,0.252443184987523,1.0,0.582050699821578
100,BART,500,homogeneous,linear,0.172570293360992,0.854,0.643003371313926
101,BART,500,homogeneous,linear,0.168290018820933,0.794,0.595534556769497
102,BART,500,homogeneous,linear,0.165471144083334,0.782,0.59766631199003
103,BART,500,homogeneous,linear,0.173026014912857,0.778,0.598651432084405
104,BART,500,homogeneous,linear,0.166345971838146,0.77,0.60737351678677
105,BART,500,homogeneous,linear,0.18068442200294,0.796,0.608156476710574
106,BART,500,homogeneous,linear,0.164256374927716,0.804,0.605493974767099
107,BART,500,homogeneous,linear,0.17588503566988,0.822,0.596193437749199
108,BART,500,homogeneous,linear,0.168532249134933,0.816,0.612564867675466
109,BART,500,homogeneous,linear,0.171440637136783,0.774,0.612167059491091
110,BART,500,homogeneous,linear,0.166794932137049,0.788,0.611776877203777
111,BART,500,homogeneous,linear,0.174620327849662,0.826,0.590048299939934
112,BART,500,homogeneous,linear,0.16818023554263,0.782,0.603779645073178
113,BART,500,homogeneous,linear,0.171999971021235,0.806,0.596706147541872
114,BART,500,homogeneous,linear,0.179730109069532,0.79,0.616770648354426
115,BART,500,homogeneous,linear,0.169090074324083,0.796,0.593201217484378
116,BART,500,homogeneous,linear,0.171136256848855,0.83,0.615897146006464
117,BART,500,homogeneous,linear,0.167475724470248,0.79,0.588110778129123
118,BART,500,homogeneous,linear,0.168605694137749,0.8,0.589618975561897
119,BART,500,homogeneous,linear,0.16257869024058,0.79,0.609122391780733
120,BART,500,heterogeneous,nonlinear,0.269910336722504,0.96,0.670173971108465
121,BART,500,heterogeneous,nonlinear,0.241947974121258,0.952,0.649782989851167
122,BART,500,heterogeneous,nonlinear,0.249221326451146,0.95,0.637053861898366
123,BART,500,heterogeneous,nonlinear,0.217816587485226,0.95,0.628655568736166
124,BART,500,heterogeneous,nonlinear,0.225202887337009,0.95,0.652505034596529
125,BART,500,heterogeneous,nonlinear,0.271786507555324,0.95,0.654696068181139
126,BART,500,heterogeneous,nonlinear,0.24014357877085,0.96,0.652036548011082
127,BART,500,heterogeneous,nonlinear,0.263057315386047,0.94,0.671716823836997
128,BART,500,heterogeneous,nonlinear,0.242860591319438,0.936,0.659150433431314
129,BART,500,heterogeneous,nonlinear,0.24846515479033,0.95,0.663093482037615
130,BART,500,heterogeneous,nonlinear,0.268002540133708,0.95,0.664937218024268
131,BART,500,heterogeneous,nonlinear,0.278022952141956,0.93,0.629138146116411
132,BART,500,heterogeneous,nonlinear,0.271138956410787,0.944,0.667577036693681
133,BART,500,heterogeneous,nonlinear,0.251483513980646,0.954,0.680532424764122
134,BART,500,heterogeneous,nonlinear,0.246357412576101,0.94,0.662109601972599
135,BART,500,heterogeneous,nonlinear,0.26186446850592,0.958,0.671987789782574
136,BART,500,heterogeneous,nonlinear,0.265703016223579,0.942,0.757679812610988
137,BART,500,heterogeneous,nonlinear,0.2532832786669,0.948,0.657991238072994
138,BART,500,heterogeneous,nonlinear,0.217068530981292,0.95,0.643536858281655
139,BART,500,heterogeneous,nonlinear,0.266922929169399,0.964,0.66743492382127
140,BART,500,heterogeneous,linear,0.229362376278394,0.862,0.746243074193415
141,BART,500,heterogeneous,linear,0.232502878397695,0.844,0.719851721407288
142,BART,500,heterogeneous,linear,0.251632932279752,0.85,0.734447457845102
143,BART,500,heterogeneous,linear,0.25450778795776,0.832,0.739156953726364
144,BART,500,heterogeneous,linear,0.254383925475856,0.85,0.752872472448447
145,BART,500,heterogeneous,linear,0.211097379095729,0.824,0.697402669036944
146,BART,500,heterogeneous,linear,0.221390404638983,0.81,0.699799394448878
147,BART,500,heterogeneous,linear,0.238889417959904,0.864,0.722027995531906
148,BART,500,heterogeneous,linear,0.23331714343875,0.838,0.724883774022809
149,BART,500,heterogeneous,linear,0.237642246327507,0.816,0.774281554697836
150,BART,500,heterogeneous,linear,0.242157227983524,0.848,0.776654511586037
151,BART,500,heterogeneous,linear,0.244828063323581,0.854,0.735325975474054
152,BART,500,heterogeneous,linear,0.234445034747545,0.856,0.738927136855237
153,BART,500,heterogeneous,linear,0.229281980536007,0.846,0.74128646532649
154,BART,500,heterogeneous,linear,0.246758988778423,0.834,0.735521176075383
155,BART,500,heterogeneous,linear,0.259189915323944,0.83,0.737021175937621
156,BART,500,heterogeneous,linear,0.24761860957227,0.826,0.751731640586839
157,BART,500,heterogeneous,linear,0.222730410373931,0.826,0.76368890769875
158,BART,500,heterogeneous,linear,0.222891713689658,0.854,0.730114584943556
159,BART,500,heterogeneous,linear,0.225531135219771,0.824,0.726156268615695
0,Horseshoe,250,heterogeneous,linear,1.70873563859967,0.228,1.152037354492
1,Horseshoe,250,heterogeneous,linear,1.8133031413327,0.22,1.17155457259033
2,Horseshoe,250,heterogeneous,linear,1.76332547709246,0.168,1.08031740214808
3,Horseshoe,250,heterogeneous,linear,1.80055821815366,0.128,0.977873723343827
4,Horseshoe,250,heterogeneous,linear,1.6679927590118,0.14,1.01984859807912
5,Horseshoe,250,heterogeneous,linear,1.75224078417498,0.248,1.19708436706479
6,Horseshoe,250,heterogeneous,linear,1.70575498672119,0.252,1.18489509189605
7,Horseshoe,250,heterogeneous,linear,1.8115811354162,0.116,1.03731830896111
8,Horseshoe,250,heterogeneous,linear,1.72997945002515,0.148,1.07176858891226
9,Horseshoe,250,heterogeneous,linear,1.88628833903108,0.216,1.2190071729476
10,Horseshoe,250,heterogeneous,linear,1.67695983485664,0.164,1.13910157070972
11,Horseshoe,250,heterogeneous,linear,1.66162292349913,0.16,0.943929407138768
12,Horseshoe,250,heterogeneous,linear,1.71669244185639,0.156,1.07129213004324
13,Horseshoe,250,heterogeneous,linear,1.72317061833599,0.14,1.03681190145986
14,Horseshoe,250,heterogeneous,linear,1.95137209931753,0.212,1.14262792726257
15,Horseshoe,250,heterogeneous,linear,1.86122526073076,0.24,1.18414292084513
16,Horseshoe,250,heterogeneous,linear,1.88947342862982,0.124,1.13291895597155
17,Horseshoe,250,heterogeneous,linear,1.83289714784411,0.168,1.12684254113067
18,Horseshoe,250,heterogeneous,linear,1.75893454943611,0.212,1.12696521950836
19,Horseshoe,250,heterogeneous,linear,1.69931423305428,0.228,1.12380529820976
20,Horseshoe,250,heterogeneous,linear,1.76173443065624,0.168,1.07455974284889
21,Horseshoe,250,heterogeneous,linear,1.81415295994245,0.156,1.03100478816301
22,Horseshoe,250,heterogeneous,linear,1.68263427506841,0.14,1.00950123758712
23,Horseshoe,250,heterogeneous,linear,1.67611779781408,0.192,1.21559984577306
24,Horseshoe,250,heterogeneous,linear,1.67555372536063,0.22,1.21769070391684
25,Horseshoe,250,heterogeneous,linear,1.75573125484946,0.144,1.03049975439008
26,Horseshoe,250,heterogeneous,linear,1.53057154767379,0.236,1.13093885780234
27,Horseshoe,250,heterogeneous,linear,1.77001117394089,0.136,1.02494662345875
28,Horseshoe,250,heterogeneous,linear,1.70784386792853,0.22,1.08782096825562
29,Horseshoe,250,heterogeneous,linear,1.76110928925413,0.144,0.892580603166763
30,Horseshoe,250,heterogeneous,linear,1.70659965763209,0.212,1.10104261504102
31,Horseshoe,250,heterogeneous,linear,1.77181835598671,0.224,1.17012466466576
32,Horseshoe,250,heterogeneous,linear,1.51161677159631,0.2,1.10455902536891
33,Horseshoe,250,heterogeneous,linear,1.69847600554518,0.128,1.00405103993417
34,Horseshoe,250,heterogeneous,linear,1.71458283909815,0.168,1.0321317176127
35,Horseshoe,250,heterogeneous,linear,1.80464024514998,0.12,0.9751291498001
36,Horseshoe,250,heterogeneous,linear,1.78791359897846,0.188,1.07326555628034
37,Horseshoe,250,heterogeneous,linear,2.09712545539538,0.18,1.07265786294271
38,Horseshoe,250,heterogeneous,linear,1.80884489190779,0.144,1.01136646267525
39,Horseshoe,250,heterogeneous,linear,1.86619912855202,0.192,1.13937263039435
40,Horseshoe,250,heterogeneous,linear,1.716288965875,0.148,1.06572253148567
41,Horseshoe,250,heterogeneous,linear,1.696631649821,0.116,0.89444230370693
42,Horseshoe,250,heterogeneous,linear,1.86856992138239,0.216,1.18526629360634
43,Horseshoe,250,heterogeneous,linear,1.69387827689756,0.196,1.16307352231289
44,Horseshoe,250,heterogeneous,linear,1.96733748352666,0.276,1.2679792916327
45,Horseshoe,250,heterogeneous,linear,2.04243391898501,0.22,1.20535202064405
46,Horseshoe,250,heterogeneous,linear,1.63505641513365,0.148,1.02934060502903
47,Horseshoe,250,heterogeneous,linear,1.68056212886059,0.108,0.864969229812334
48,Horseshoe,250,heterogeneous,linear,1.90006346246719,0.128,0.976350447315083
49,Horseshoe,250,heterogeneous,linear,1.88111395725634,0.136,1.02335676190849
0,Horseshoe,500,heterogeneous,linear,1.70157920969174,0.182,0.903418894618973
1,Horseshoe,500,heterogeneous,linear,1.76265801357597,0.162,0.861431149909443
2,Horseshoe,500,heterogeneous,linear,1.72795663817226,0.116,0.816273736297355
3,Horseshoe,500,heterogeneous,linear,1.70316267274176,0.086,0.706524743719986
4,Horseshoe,500,heterogeneous,linear,1.74003146670078,0.098,0.733668610606056
5,Horseshoe,500,heterogeneous,linear,1.87187389919163,0.178,0.916988632810894
6,Horseshoe,500,heterogeneous,linear,1.73311944368074,0.14,0.866963942621171
7,Horseshoe,500,heterogeneous,linear,1.74773746707603,0.184,0.87880904687946
8,Horseshoe,500,heterogeneous,linear,1.7702204477456,0.136,0.798077468309595
9,Horseshoe,500,heterogeneous,linear,1.68840827739367,0.104,0.742033805464015
10,Horseshoe,500,heterogeneous,linear,1.81644513932858,0.106,0.780358311056259
11,Horseshoe,500,heterogeneous,linear,1.66823740292105,0.108,0.778665039186705
12,Horseshoe,500,heterogeneous,linear,1.6899592761013,0.106,0.83932098797523
13,Horseshoe,500,heterogeneous,linear,1.79166122309719,0.116,0.76026204054814
14,Horseshoe,500,heterogeneous,linear,1.67881010752148,0.122,0.792042258855919
15,Horseshoe,500,heterogeneous,linear,1.91961683476738,0.07,0.726998314328565
16,Horseshoe,500,heterogeneous,linear,1.66482128935345,0.066,0.625201078583796
17,Horseshoe,500,heterogeneous,linear,1.85150548564839,0.054,0.700544041784778
18,Horseshoe,500,heterogeneous,linear,1.83762284752719,0.12,0.910545454862079
19,Horseshoe,500,heterogeneous,linear,1.75159720089684,0.096,0.764404281600084
20,Horseshoe,500,heterogeneous,linear,1.71474332145458,0.132,0.850247283180615
21,Horseshoe,500,heterogeneous,linear,1.79615386947772,0.124,0.85849999604802
22,Horseshoe,500,heterogeneous,linear,1.76079502969761,0.07,0.769975869360094
23,Horseshoe,500,heterogeneous,linear,1.76393620660573,0.204,0.870317501210538
24,Horseshoe,500,heterogeneous,linear,1.76054610943027,0.222,0.919814656717496
25,Horseshoe,500,heterogeneous,linear,1.77038555391361,0.114,0.731754179343697
26,Horseshoe,500,heterogeneous,linear,1.66518386192148,0.084,0.683458889666182
27,Horseshoe,500,heterogeneous,linear,1.71166139213368,0.164,0.932962404572495
28,Horseshoe,500,heterogeneous,linear,1.76097113462637,0.116,0.717683686747813
29,Horseshoe,500,heterogeneous,linear,1.67195914748015,0.14,0.80442244745041
30,Horseshoe,500,heterogeneous,linear,1.63359246985893,0.11,0.75945466577248
31,Horseshoe,500,heterogeneous,linear,1.78980818762493,0.054,0.724840602821786
32,Horseshoe,500,heterogeneous,linear,1.70366550956861,0.134,0.801114209475648
33,Horseshoe,500,heterogeneous,linear,1.86521830944663,0.072,0.75533307808011
34,Horseshoe,500,heterogeneous,linear,1.6872459928724,0.126,0.702324096709737
35,Horseshoe,500,heterogeneous,linear,1.70298104745588,0.088,0.726882449989495
36,Horseshoe,500,heterogeneous,linear,1.86553839420223,0.066,0.680652663417081
37,Horseshoe,500,heterogeneous,linear,1.80597487151779,0.082,0.7223048143605
38,Horseshoe,500,heterogeneous,linear,1.88117126999658,0.1,0.757035708358324
39,Horseshoe,500,heterogeneous,linear,1.67250220600395,0.064,0.747231209989757
40,Horseshoe,500,heterogeneous,linear,1.834932977518,0.098,0.749502352919
41,Horseshoe,500,heterogeneous,linear,1.76028796684976,0.058,0.686561938036006
42,Horseshoe,500,heterogeneous,linear,1.71427294832572,0.162,0.845562208707413
43,Horseshoe,500,heterogeneous,linear,1.75421830282633,0.112,0.724080755890575
44,Horseshoe,500,heterogeneous,linear,1.73714357223651,0.096,0.787891970164846
45,Horseshoe,500,heterogeneous,linear,1.66684607729042,0.078,0.72492037796084
46,Horseshoe,500,heterogeneous,linear,1.57867652711697,0.09,0.776034103299013
47,Horseshoe,500,heterogeneous,linear,1.77685345301113,0.164,0.854567443695763
48,Horseshoe,500,heterogeneous,linear,1.81466541051103,0.088,0.686179937361167
49,Horseshoe,500,heterogeneous,linear,1.64600892282532,0.142,0.781967115258295
0,Horseshoe,250,homogeneous,linear,3.0250263551084,0.016,1.38061442629471
1,Horseshoe,250,homogeneous,linear,3.012756938532,0.016,1.41400872367194
2,Horseshoe,250,homogeneous,linear,2.99839666233058,0.0,1.38786952810593
3,Horseshoe,250,homogeneous,linear,3.00070156811036,0.0,1.29624801827803
4,Horseshoe,250,homogeneous,linear,3.00522636711066,0.0,1.26345712800769
5,Horseshoe,250,homogeneous,linear,3.01828767270704,0.0,1.37402435311124
6,Horseshoe,250,homogeneous,linear,3.07093335264821,0.028,1.40483663823558
7,Horseshoe,250,homogeneous,linear,3.03059491170255,0.008,1.36350783803946
8,Horseshoe,250,homogeneous,linear,3.00205678445891,0.0,1.35084695474778
9,Horseshoe,250,homogeneous,linear,3.06315089544432,0.056,1.59012671537203
10,Horseshoe,250,homogeneous,linear,3.04560496604625,0.02,1.48836612096517
11,Horseshoe,250,homogeneous,linear,3.02226376849348,0.012,1.3350782733752
12,Horseshoe,250,homogeneous,linear,2.99962124123834,0.0,1.3361136956352
13,Horseshoe,250,homogeneous,linear,3.00253446864973,0.004,1.29055425990447
14,Horseshoe,250,homogeneous,linear,3.00164793681482,0.0,1.40481874115106
15,Horseshoe,250,homogeneous,linear,3.00789273092104,0.028,1.41472467426334
16,Horseshoe,250,homogeneous,linear,3.0044002571511,0.0,1.44695093510881
17,Horseshoe,250,homogeneous,linear,2.9927711139676,0.0,1.38897014175955
18,Horseshoe,250,homogeneous,linear,3.05256625403125,0.036,1.45979162025041
19,Horseshoe,250,homogeneous,linear,2.99861619069059,0.0,1.20535392719106
20,Horseshoe,250,homogeneous,linear,3.0126205590394,0.0,1.30352180504694
21,Horseshoe,250,homogeneous,linear,3.00318443347845,0.0,1.28467887702583
22,Horseshoe,250,homogeneous,linear,3.00020517060512,0.0,1.25384942039683
23,Horseshoe,250,homogeneous,linear,2.97261833598659,0.024,1.50646476063614
24,Horseshoe,250,homogeneous,linear,2.99590962151498,0.036,1.45749663946529
25,Horseshoe,250,homogeneous,linear,2.99727534504104,0.004,1.38300221077259
26,Horseshoe,250,homogeneous,linear,3.01598132006195,0.02,1.432526685508
27,Horseshoe,250,homogeneous,linear,2.99875854845422,0.0,1.26800289272558
28,Horseshoe,250,homogeneous,linear,3.01489813826356,0.016,1.28390278330906
29,Horseshoe,250,homogeneous,linear,3.00001452201686,0.0,1.13752764799892
30,Horseshoe,250,homogeneous,linear,3.05981905954973,0.036,1.47952578566094
31,Horseshoe,250,homogeneous,linear,2.99269533789441,0.032,1.45218641046792
32,Horseshoe,250,homogeneous,linear,3.03764755733338,0.008,1.44588644338151
33,Horseshoe,250,homogeneous,linear,3.07225754245431,0.032,1.40581587765225
34,Horseshoe,250,homogeneous,linear,2.99323468646936,0.004,1.21146610073708
35,Horseshoe,250,homogeneous,linear,3.01490753759,0.0,1.16845714123544
36,Horseshoe,250,homogeneous,linear,3.00734175473383,0.02,1.33200383945453
37,Horseshoe,250,homogeneous,linear,3.03915045446479,0.024,1.33061961581521
38,Horseshoe,250,homogeneous,linear,3.0107427407281,0.016,1.31973351471581
39,Horseshoe,250,homogeneous,linear,3.00189094739324,0.016,1.30597190934132
40,Horseshoe,250,homogeneous,linear,3.01474941833332,0.0,1.39888968196556
41,Horseshoe,250,homogeneous,linear,3.00046323960677,0.0,1.14779027803253
42,Horseshoe,250,homogeneous,linear,2.99542992849546,0.024,1.40204279844878
43,Horseshoe,250,homogeneous,linear,3.01689908096343,0.012,1.36618356207658
44,Horseshoe,250,homogeneous,linear,2.96978087568137,0.168,1.57642676765969
45,Horseshoe,250,homogeneous,linear,3.31671221400007,0.148,1.49972583049496
46,Horseshoe,250,homogeneous,linear,2.99736896650549,0.008,1.34036132037073
47,Horseshoe,250,homogeneous,linear,2.99823353555833,0.0,1.044119067125
48,Horseshoe,250,homogeneous,linear,2.99261045575136,0.0,1.13627511905101
49,Horseshoe,250,homogeneous,linear,3.00001589434688,0.004,1.31004390482022
0,Horseshoe,500,homogeneous,linear,3.03684596551275,0.02,1.10566733654425
1,Horseshoe,500,homogeneous,linear,3.04403042171028,0.02,1.09521140386935
2,Horseshoe,500,homogeneous,linear,3.00042567253085,0.0,0.961684478241636
3,Horseshoe,500,homogeneous,linear,3.01101957950989,0.006,0.933693517925416
4,Horseshoe,500,homogeneous,linear,3.00813202489942,0.0,0.952953365896395
5,Horseshoe,500,homogeneous,linear,3.11430754090696,0.04,1.11106789530343
6,Horseshoe,500,homogeneous,linear,3.00574396741672,0.0,1.04302997931765
7,Horseshoe,500,homogeneous,linear,3.02187703240514,0.014,1.0713051559276
8,Horseshoe,500,homogeneous,linear,3.05382414033132,0.012,1.09987361365867
9,Horseshoe,500,homogeneous,linear,3.00972992363497,0.008,0.993784143325068
10,Horseshoe,500,homogeneous,linear,3.00355028558747,0.0,0.951814528959632
11,Horseshoe,500,homogeneous,linear,3.00223252222801,0.002,0.98625066333332
12,Horseshoe,500,homogeneous,linear,3.00002575906047,0.0,1.01350552382969
13,Horseshoe,500,homogeneous,linear,2.99734212073348,0.004,0.941571469604555
14,Horseshoe,500,homogeneous,linear,2.99869384494257,0.0,0.983573385807505
15,Horseshoe,500,homogeneous,linear,3.00631134273576,0.0,0.906251275628946
16,Horseshoe,500,homogeneous,linear,3.00743381279219,0.002,0.961883363058088
17,Horseshoe,500,homogeneous,linear,3.00223684779617,0.0,0.87744128004456
18,Horseshoe,500,homogeneous,linear,3.0477164896048,0.01,1.16031974608868
19,Horseshoe,500,homogeneous,linear,3.00006584309769,0.0,0.8898395425227
20,Horseshoe,500,homogeneous,linear,2.98977249872714,0.01,1.101587625155
21,Horseshoe,500,homogeneous,linear,3.01104159292542,0.0,1.04807551032614
22,Horseshoe,500,homogeneous,linear,2.99984086348526,0.0,0.981687752803007
23,Horseshoe,500,homogeneous,linear,3.05880490209735,0.038,1.11345544395146
24,Horseshoe,500,homogeneous,linear,3.07561177194831,0.038,1.16808596386465
25,Horseshoe,500,homogeneous,linear,2.99984220575115,0.0,0.889881605645884
26,Horseshoe,500,homogeneous,linear,3.0001855223968,0.0,0.83115827823746
27,Horseshoe,500,homogeneous,linear,2.99300054780756,0.0,1.11065554097834
28,Horseshoe,500,homogeneous,linear,2.99590637404021,0.0,0.904316784909421
29,Horseshoe,500,homogeneous,linear,3.05018322095323,0.036,1.05013733915173
30,Horseshoe,500,homogeneous,linear,3.02548820471174,0.004,0.969973068979784
31,Horseshoe,500,homogeneous,linear,2.99896235786151,0.0,0.939934133097974
32,Horseshoe,500,homogeneous,linear,3.0070883427511,0.002,0.992593130480984
33,Horseshoe,500,homogeneous,linear,3.00753074196087,0.0,0.9511964611664
34,Horseshoe,500,homogeneous,linear,2.9957397218966,0.0,0.870282674683282
35,Horseshoe,500,homogeneous,linear,3.00170746076266,0.0,0.926461085012949
36,Horseshoe,500,homogeneous,linear,3.00411383189584,0.0,0.86255973411472
37,Horseshoe,500,homogeneous,linear,2.99918178439159,0.0,0.910411916912123
38,Horseshoe,500,homogeneous,linear,3.0084223859722,0.0,0.937474711134225
39,Horseshoe,500,homogeneous,linear,3.00039224333689,0.0,0.907515270111712
40,Horseshoe,500,homogeneous,linear,2.99877563697651,0.0,0.974546229763257
41,Horseshoe,500,homogeneous,linear,3.003879666425,0.0,0.955086039215277
42,Horseshoe,500,homogeneous,linear,3.1115769319221,0.024,1.05368275177841
43,Horseshoe,500,homogeneous,linear,3.00015792051269,0.0,0.813814696427438
44,Horseshoe,500,homogeneous,linear,3.00066939152438,0.0,0.952439485878381
45,Horseshoe,500,homogeneous,linear,2.9973222023746,0.0,0.894667957217272
46,Horseshoe,500,homogeneous,linear,2.99901212350081,0.0,0.950004029830514
47,Horseshoe,500,homogeneous,linear,3.02954128807399,0.012,1.04544886395541
48,Horseshoe,500,homogeneous,linear,2.99721720994422,0.002,0.892984870778968
49,Horseshoe,500,homogeneous,linear,2.9868256973843,0.006,0.967454674772843
0,Horseshoe,250,heterogeneous,nonlinear,1.71127553397917,0.412,1.87756564693199
1,Horseshoe,250,heterogeneous,nonlinear,1.78799288653237,0.312,1.85525357994488
2,Horseshoe,250,heterogeneous,nonlinear,1.76203012710345,0.336,1.80000617960927
3,Horseshoe,250,heterogeneous,nonlinear,1.83604064474198,0.324,1.82938307611521
4,Horseshoe,250,heterogeneous,nonlinear,1.6647194698616,0.34,1.94001796224825
5,Horseshoe,250,heterogeneous,nonlinear,1.69015102211737,0.288,1.6349599573158
6,Horseshoe,250,heterogeneous,nonlinear,1.72868537391614,0.352,2.00379123431268
7,Horseshoe,250,heterogeneous,nonlinear,1.80775059137241,0.34,1.82295987051068
8,Horseshoe,250,heterogeneous,nonlinear,1.76986315853597,0.312,1.8531439047896
9,Horseshoe,250,heterogeneous,nonlinear,2.03223719718579,0.328,2.28076276032067
10,Horseshoe,250,heterogeneous,nonlinear,2.02265762613519,0.268,1.93688642635292
11,Horseshoe,250,heterogeneous,nonlinear,1.6762127749226,0.284,1.46286345201479
12,Horseshoe,250,heterogeneous,nonlinear,1.71618076235824,0.344,1.8662861613824
13,Horseshoe,250,heterogeneous,nonlinear,1.75903082184152,0.296,1.96757222728138
14,Horseshoe,250,heterogeneous,nonlinear,1.95184073271016,0.352,1.96538478843263
15,Horseshoe,250,heterogeneous,nonlinear,1.85794640912183,0.344,1.90925393941453
16,Horseshoe,250,heterogeneous,nonlinear,1.92424716937666,0.332,2.04081047210191
17,Horseshoe,250,heterogeneous,nonlinear,1.84512962365097,0.32,1.85550106187619
18,Horseshoe,250,heterogeneous,nonlinear,1.71826125208983,0.296,1.5746733679692
19,Horseshoe,250,heterogeneous,nonlinear,1.69558050831006,0.348,1.68250538033702
20,Horseshoe,250,heterogeneous,nonlinear,1.79729443149369,0.3,1.91133012308306
21,Horseshoe,250,heterogeneous,nonlinear,1.81300567732208,0.276,1.6483134718552
22,Horseshoe,250,heterogeneous,nonlinear,1.68489612121954,0.352,1.8325313726489
23,Horseshoe,250,heterogeneous,nonlinear,1.82918366952133,0.308,2.05280853007648
24,Horseshoe,250,heterogeneous,nonlinear,1.81500523488624,0.344,2.21517157986061
25,Horseshoe,250,heterogeneous,nonlinear,1.80201670696719,0.288,1.84577204246718
26,Horseshoe,250,heterogeneous,nonlinear,1.53175565792274,0.388,1.89120510463955
27,Horseshoe,250,heterogeneous,nonlinear,1.78537337623434,0.304,1.75642393039459
28,Horseshoe,250,heterogeneous,nonlinear,1.6024143813896,0.288,1.66823033150034
29,Horseshoe,250,heterogeneous,nonlinear,1.79376536439462,0.28,1.5594477606911
30,Horseshoe,250,heterogeneous,nonlinear,1.65642849121965,0.36,1.88231820428832
31,Horseshoe,250,heterogeneous,nonlinear,1.73875379828805,0.364,1.88794816369316
32,Horseshoe,250,heterogeneous,nonlinear,1.52322822768946,0.388,1.91265786567783
33,Horseshoe,250,heterogeneous,nonlinear,2.11128842107319,0.292,2.14230309744382
34,Horseshoe,250,heterogeneous,nonlinear,1.72083818198205,0.32,1.7752340157056
35,Horseshoe,250,heterogeneous,nonlinear,1.79698883550442,0.348,1.88254713371281
36,Horseshoe,250,heterogeneous,nonlinear,1.77051405601433,0.328,1.7633269444402
37,Horseshoe,250,heterogeneous,nonlinear,2.34568947677332,0.312,2.10412251366229
38,Horseshoe,250,heterogeneous,nonlinear,1.89144711186707,0.312,1.93051092295896
39,Horseshoe,250,heterogeneous,nonlinear,1.905268956704,0.336,2.07285064618689
40,Horseshoe,250,heterogeneous,nonlinear,1.77340781424844,0.356,2.02686240796418
41,Horseshoe,250,heterogeneous,nonlinear,1.69808411486093,0.244,1.45882191259767
42,Horseshoe,250,heterogeneous,nonlinear,1.83847775785316,0.284,1.69217527175567
43,Horseshoe,250,heterogeneous,nonlinear,1.66775486069632,0.348,1.82357352443122
44,Horseshoe,250,heterogeneous,nonlinear,2.27463183667134,0.368,2.35161927877363
45,Horseshoe,250,heterogeneous,nonlinear,1.81569007635421,0.336,1.7679930150545
46,Horseshoe,250,heterogeneous,nonlinear,1.64412825955366,0.372,1.81461384015912
47,Horseshoe,250,heterogeneous,nonlinear,1.68163189775019,0.272,1.46029811902313
48,Horseshoe,250,heterogeneous,nonlinear,1.90006018135741,0.312,1.82032076906026
49,Horseshoe,250,heterogeneous,nonlinear,1.869353063771,0.288,1.79988383591452
0,Horseshoe,500,heterogeneous,nonlinear,1.66414662125162,0.23,1.28042845566942
1,Horseshoe,500,heterogeneous,nonlinear,1.72695865536393,0.22,1.36411126489497
2,Horseshoe,500,heterogeneous,nonlinear,1.73486149146061,0.24,1.35538636516958
3,Horseshoe,500,heterogeneous,nonlinear,1.71116585013553,0.164,1.12685183885321
4,Horseshoe,500,heterogeneous,nonlinear,1.93501590330315,0.268,1.53081279794722
5,Horseshoe,500,heterogeneous,nonlinear,1.79828441419617,0.222,1.36369430058833
6,Horseshoe,500,heterogeneous,nonlinear,1.80158059943658,0.288,1.59559086078497
7,Horseshoe,500,heterogeneous,nonlinear,1.89017191441067,0.284,1.58002307813135
8,Horseshoe,500,heterogeneous,nonlinear,1.75706116204056,0.242,1.30093802582894
9,Horseshoe,500,heterogeneous,nonlinear,1.70866642849157,0.206,1.22304288857335
10,Horseshoe,500,heterogeneous,nonlinear,1.8196415072895,0.198,1.21082356828455
11,Horseshoe,500,heterogeneous,nonlinear,1.66028682114374,0.236,1.30721432709689
12,Horseshoe,500,heterogeneous,nonlinear,1.68747181637429,0.248,1.38218648708052
13,Horseshoe,500,heterogeneous,nonlinear,1.78745620281863,0.24,1.25831344868935
14,Horseshoe,500,heterogeneous,nonlinear,1.67860885364322,0.212,1.25935840526318
15,Horseshoe,500,heterogeneous,nonlinear,1.92681614055357,0.162,1.20077427714038
16,Horseshoe,500,heterogeneous,nonlinear,1.66470301734588,0.16,1.0835935291542
17,Horseshoe,500,heterogeneous,nonlinear,1.85286442293075,0.216,1.35921630338534
18,Horseshoe,500,heterogeneous,nonlinear,1.99703426629353,0.292,1.67910881013631
19,Horseshoe,500,heterogeneous,nonlinear,1.74531045018813,0.204,1.24271559145613
20,Horseshoe,500,heterogeneous,nonlinear,1.85956467415145,0.29,1.61971045174666
21,Horseshoe,500,heterogeneous,nonlinear,1.87443825696524,0.262,1.53593520857894
22,Horseshoe,500,heterogeneous,nonlinear,1.76103277386545,0.194,1.19082040854899
23,Horseshoe,500,heterogeneous,nonlinear,1.82554985077966,0.264,1.44393050361004
24,Horseshoe,500,heterogeneous,nonlinear,1.87305059691385,0.328,1.61499233033317
25,Horseshoe,500,heterogeneous,nonlinear,1.78937964902693,0.196,1.25151096354577
26,Horseshoe,500,heterogeneous,nonlinear,1.67647272772779,0.224,1.33433903590162
27,Horseshoe,500,heterogeneous,nonlinear,1.71288557713321,0.266,1.40145558139077
28,Horseshoe,500,heterogeneous,nonlinear,1.76314750364431,0.218,1.26157896203809
29,Horseshoe,500,heterogeneous,nonlinear,2.02048793957255,0.284,1.56990159821264
30,Horseshoe,500,heterogeneous,nonlinear,1.62629739567037,0.194,1.21760855174763
31,Horseshoe,500,heterogeneous,nonlinear,1.81887804554387,0.244,1.58690968433062
32,Horseshoe,500,heterogeneous,nonlinear,1.70950042695652,0.24,1.2974944986509
33,Horseshoe,500,heterogeneous,nonlinear,1.87528209035663,0.234,1.40883146071901
34,Horseshoe,500,heterogeneous,nonlinear,1.82361554397853,0.258,1.44271538342659
35,Horseshoe,500,heterogeneous,nonlinear,1.73412059013415,0.22,1.34128393304689
36,Horseshoe,500,heterogeneous,nonlinear,1.85948444590126,0.228,1.29779590914043
37,Horseshoe,500,heterogeneous,nonlinear,1.80657111359848,0.202,1.22914877190332
38,Horseshoe,500,heterogeneous,nonlinear,1.96927132394178,0.254,1.55352451135239
39,Horseshoe,500,heterogeneous,nonlinear,1.67213112502724,0.204,1.22351518972191
40,Horseshoe,500,heterogeneous,nonlinear,1.90333880937402,0.24,1.35420242709555
41,Horseshoe,500,heterogeneous,nonlinear,1.87585643151454,0.272,1.43283872761805
42,Horseshoe,500,heterogeneous,nonlinear,1.76497882159792,0.24,1.43953229901089
43,Horseshoe,500,heterogeneous,nonlinear,1.74800853748017,0.236,1.19633292388142
44,Horseshoe,500,heterogeneous,nonlinear,1.77956579947849,0.218,1.29511651232115
45,Horseshoe,500,heterogeneous,nonlinear,1.66749898597714,0.222,1.2603845430562
46,Horseshoe,500,heterogeneous,nonlinear,1.58135120980786,0.214,1.19272639819349
47,Horseshoe,500,heterogeneous,nonlinear,1.64833310765075,0.204,1.25207684465591
48,Horseshoe,500,heterogeneous,nonlinear,1.81461510709128,0.208,1.23185846235316
49,Horseshoe,500,heterogeneous,nonlinear,1.63756743927993,0.216,1.20843754115653
0,Horseshoe,250,homogeneous,nonlinear,3.00756940813534,0.052,2.13661072128226
1,Horseshoe,250,homogeneous,nonlinear,3.02009698027717,0.084,2.09989956691113
2,Horseshoe,250,homogeneous,nonlinear,2.99575371992291,0.028,2.08678447031693
3,Horseshoe,250,homogeneous,nonlinear,3.03097907893438,0.06,2.08876541861948
4,Horseshoe,250,homogeneous,nonlinear,2.98665935623665,0.032,2.11858577605488
5,Horseshoe,250,homogeneous,nonlinear,2.99725560992351,0.0,1.91188940703557
6,Horseshoe,250,homogeneous,nonlinear,3.07967913396311,0.08,2.15388741208711
7,Horseshoe,250,homogeneous,nonlinear,3.01622050642238,0.044,2.07510300119027
8,Horseshoe,250,homogeneous,nonlinear,3.02934070553978,0.052,2.04640335111989
9,Horseshoe,250,homogeneous,nonlinear,3.22462493250085,0.156,2.66973527708762
10,Horseshoe,250,homogeneous,nonlinear,3.0694657673755,0.1,2.06788090512054
11,Horseshoe,250,homogeneous,nonlinear,3.05133000131289,0.064,1.85156066228235
12,Horseshoe,250,homogeneous,nonlinear,3.00027915150263,0.016,2.14267207388193
13,Horseshoe,250,homogeneous,nonlinear,3.09486550360619,0.112,2.30616959928367
14,Horseshoe,250,homogeneous,nonlinear,3.0041880392108,0.036,2.23521335076498
15,Horseshoe,250,homogeneous,nonlinear,3.04427851419132,0.116,2.2218935657522
16,Horseshoe,250,homogeneous,nonlinear,2.99908269010868,0.036,2.18925329865322
17,Horseshoe,250,homogeneous,nonlinear,2.99158906736198,0.076,2.09400450906151
18,Horseshoe,250,homogeneous,nonlinear,2.99374868798765,0.028,1.77911738548854
19,Horseshoe,250,homogeneous,nonlinear,3.00124019352795,0.012,1.85491553961727
20,Horseshoe,250,homogeneous,nonlinear,3.06296351184444,0.08,2.22070661763316
21,Horseshoe,250,homogeneous,nonlinear,3.01972123163186,0.02,1.85174535921016
22,Horseshoe,250,homogeneous,nonlinear,3.00156780326036,0.028,2.01734725689475
23,Horseshoe,250,homogeneous,nonlinear,2.99517005901883,0.14,2.33675568364314
24,Horseshoe,250,homogeneous,nonlinear,3.11122750464463,0.2,2.46206227859869
25,Horseshoe,250,homogeneous,nonlinear,3.00365416478309,0.04,1.94153690559199
26,Horseshoe,250,homogeneous,nonlinear,3.02741700696705,0.076,2.20493468882705
27,Horseshoe,250,homogeneous,nonlinear,3.05694329760179,0.044,2.08701660425785
28,Horseshoe,250,homogeneous,nonlinear,2.99893693653744,0.004,1.81746611450471
29,Horseshoe,250,homogeneous,nonlinear,3.05052315565202,0.072,1.87315294890081
30,Horseshoe,250,homogeneous,nonlinear,2.99985725273738,0.036,2.16603897208688
31,Horseshoe,250,homogeneous,nonlinear,2.97963946453679,0.08,2.13660813849849
32,Horseshoe,250,homogeneous,nonlinear,2.99599206274973,0.048,2.15626950367142
33,Horseshoe,250,homogeneous,nonlinear,3.5052979159258,0.18,2.47392657357249
34,Horseshoe,250,homogeneous,nonlinear,3.00421965377528,0.012,1.97182257467795
35,Horseshoe,250,homogeneous,nonlinear,2.99512902995873,0.032,2.11186275393964
36,Horseshoe,250,homogeneous,nonlinear,2.99546584095929,0.032,2.07259156633507
37,Horseshoe,250,homogeneous,nonlinear,3.15548222789027,0.124,2.23055227150514
38,Horseshoe,250,homogeneous,nonlinear,3.05717910395789,0.14,2.1994151200657
39,Horseshoe,250,homogeneous,nonlinear,3.02590830359513,0.112,2.27627357788168
40,Horseshoe,250,homogeneous,nonlinear,3.07575892365943,0.076,2.36122252543545
41,Horseshoe,250,homogeneous,nonlinear,3.00000972086567,0.012,1.68234901291109
42,Horseshoe,250,homogeneous,nonlinear,2.99256201353916,0.04,1.95430262280959
43,Horseshoe,250,homogeneous,nonlinear,3.00373483892284,0.032,2.00696578238773
44,Horseshoe,250,homogeneous,nonlinear,3.14460409052016,0.276,2.59949472975199
45,Horseshoe,250,homogeneous,nonlinear,3.04571893259061,0.096,2.04269104555422
46,Horseshoe,250,homogeneous,nonlinear,3.00828693025312,0.064,2.07491370612828
47,Horseshoe,250,homogeneous,nonlinear,3.00049378417483,0.004,1.60455369165611
48,Horseshoe,250,homogeneous,nonlinear,3.00500254743715,0.092,2.10334575816794
49,Horseshoe,250,homogeneous,nonlinear,2.9990768053591,0.016,1.99818244400529
0,Horseshoe,500,homogeneous,nonlinear,3.00370473332162,0.024,1.50322917243582
1,Horseshoe,500,homogeneous,nonlinear,3.00910694880324,0.024,1.59181494292607
2,Horseshoe,500,homogeneous,nonlinear,3.00017828997778,0.0,1.51614858965967
3,Horseshoe,500,homogeneous,nonlinear,3.01636598615653,0.014,1.40036945074963
4,Horseshoe,500,homogeneous,nonlinear,3.14279970192545,0.072,1.70053288634484
5,Horseshoe,500,homogeneous,nonlinear,3.00719495511494,0.022,1.63019549262694
6,Horseshoe,500,homogeneous,nonlinear,3.09486625254049,0.05,1.82267003476246
7,Horseshoe,500,homogeneous,nonlinear,3.08761162806668,0.098,1.74800746691244
8,Horseshoe,500,homogeneous,nonlinear,3.00051920863735,0.0,1.45205072205844
9,Horseshoe,500,homogeneous,nonlinear,3.01553127921463,0.04,1.45329789045354
10,Horseshoe,500,homogeneous,nonlinear,3.00916201005594,0.01,1.36978720523705
11,Horseshoe,500,homogeneous,nonlinear,2.99694492418842,0.008,1.42378867874168
12,Horseshoe,500,homogeneous,nonlinear,3.00723360293694,0.008,1.53695879701117
13,Horseshoe,500,homogeneous,nonlinear,2.99435862683582,0.004,1.42030680175901
14,Horseshoe,500,homogeneous,nonlinear,3.00919935605825,0.01,1.4190064764455
15,Horseshoe,500,homogeneous,nonlinear,3.02294713237557,0.012,1.44956354637798
16,Horseshoe,500,homogeneous,nonlinear,2.99647878636147,0.004,1.28270464608303
17,Horseshoe,500,homogeneous,nonlinear,2.99912243520941,0.0,1.37922392848222
18,Horseshoe,500,homogeneous,nonlinear,3.15292244213886,0.088,1.88629478736849
19,Horseshoe,500,homogeneous,nonlinear,3.01013031178954,0.002,1.41648905477423
20,Horseshoe,500,homogeneous,nonlinear,3.09771576608001,0.124,1.91380085025336
21,Horseshoe,500,homogeneous,nonlinear,3.07041848894627,0.032,1.67721721241328
22,Horseshoe,500,homogeneous,nonlinear,3.0023393007897,0.0,1.33675212922388
23,Horseshoe,500,homogeneous,nonlinear,3.07201675293383,0.098,1.65845916992863
24,Horseshoe,500,homogeneous,nonlinear,3.1404859451433,0.088,1.73603652474503
25,Horseshoe,500,homogeneous,nonlinear,3.00240886481863,0.002,1.36436513433238
26,Horseshoe,500,homogeneous,nonlinear,3.00233729596858,0.0,1.30128310680932
27,Horseshoe,500,homogeneous,nonlinear,2.99163306711021,0.012,1.57147735651577
28,Horseshoe,500,homogeneous,nonlinear,3.00087039449043,0.016,1.50384965221566
29,Horseshoe,500,homogeneous,nonlinear,3.32724570972824,0.174,1.7635423130361
30,Horseshoe,500,homogeneous,nonlinear,3.02368154830395,0.01,1.4014762641469
31,Horseshoe,500,homogeneous,nonlinear,3.00023590254181,0.016,1.68861735318691
32,Horseshoe,500,homogeneous,nonlinear,2.99908472808634,0.008,1.42560941893129
33,Horseshoe,500,homogeneous,nonlinear,2.99623296859797,0.006,1.55263284642252
34,Horseshoe,500,homogeneous,nonlinear,3.0347842423452,0.04,1.51241373444597
35,Horseshoe,500,homogeneous,nonlinear,3.00474509681752,0.006,1.48889679993995
36,Horseshoe,500,homogeneous,nonlinear,2.99907217062161,0.006,1.44929235577407
37,Horseshoe,500,homogeneous,nonlinear,2.99878504527942,0.0,1.37646014746094
38,Horseshoe,500,homogeneous,nonlinear,3.13911357956869,0.066,1.8163119169145
39,Horseshoe,500,homogeneous,nonlinear,3.00172088606521,0.002,1.40522430613141
40,Horseshoe,500,homogeneous,nonlinear,3.11799589465403,0.078,1.67410017317588
41,Horseshoe,500,homogeneous,nonlinear,3.15211978893111,0.088,1.72244513151973
42,Horseshoe,500,homogeneous,nonlinear,3.09665258765312,0.068,1.69397827281664
43,Horseshoe,500,homogeneous,nonlinear,2.99930387954966,0.002,1.36694293878899
44,Horseshoe,500,homogeneous,nonlinear,3.01416334530865,0.022,1.47223314241844
45,Horseshoe,500,homogeneous,nonlinear,3.00345611752497,0.0,1.42763808460508
46,Horseshoe,500,homogeneous,nonlinear,3.00438896749298,0.006,1.38115837712414
47,Horseshoe,500,homogeneous,nonlinear,3.00719133777269,0.0,1.34607268906545
48,Horseshoe,500,homogeneous,nonlinear,2.99682741667733,0.012,1.37581756675873
49,Horseshoe,500,homogeneous,nonlinear,2.98896872144817,0.01,1.36914860209038
